time,Jint,Jint_over_Gc,bot_react,top_react
0,0,0,0,0
0.001,-3.492134989706e-06,-3.492134989706e-05,-285.48262227983,285.48262227983
