time,Jint,Jint_over_Gc,bot_react,top_react
0,0,0,0,0
0.001,-1.7284161714232e-06,-1.7284161714232e-05,-201.12917096021,201.12917096019
