time,Jint,Jint_over_Gc,bot_react,top_react
0,0,0,0,0
0.001,-1.6602074288236e-05,-0.00016602074288236,-201.12917653101,201.12917653103
0.0015,0.012517072959142,0.12517072959142,-131.27509146488,131.27509146488
0.00175,0.012565716960509,0.12565716960509,-130.6131452178,130.6131452178
0.001875,0.012585355807706,0.12585355807706,-130.57661479178,130.57661479178
0.0019375,0.012590374938602,0.12590374938602,-130.57620590069,130.57620590069
0.00196875,0.012591820384719,0.12591820384719,-130.5776149565,130.5776149565
