time,Jint,Jint_over_Gc,bot_react,top_react
0,0,0,0,0
0.001,-4.6270541166867e-05,-0.0048705832807228,-82.729953111776,82.729953111776
0.002,0.0012085584292655,0.12721667676479,-59.345827834225,59.345827834225
0.003,0.0014924366804973,0.15709859794708,-56.767460660934,56.767460660934
