time,Jint,Jint_over_Gc,bot_react,top_react
0,0,0,0,0
0.002,-4.1753370826122e-05,-0.0049121612736614,-78.399539615929,78.399539615929
0.004,0.0011207896752025,0.13185760884736,-55.731945194099,55.731945194099
0.005,-4.8143601543917e-05,-0.0056639531228138,-79.006133133823,79.006133133824
0.0055,-4.8335568969811e-05,-0.0056865375258601,-79.080059807634,79.080059807634
0.00575,-4.8431730727641e-05,-0.0056978506738401,-79.117084533358,79.117084533358
