time,Load,max_d
0,0,0
0.05,3.7244957950664,0
0.1,7.430155514292,0
0.15,11.092416637669,0
0.2,14.689217280658,0
