time,Load,avg_p,avg_s1,max_d
0,0,0,0,0
4e-06,-38811.085062127,-308.84978172961,-163.66363567745,0
