time,Load,avg_p,avg_s1,max_d
0,0,0,0,0
1e-08,-891.80314296277,-7.0967495218939,-4.8926602914453,0
