time,Load,avg_p,avg_s1,max_d
0,0,0,0,0
1,42215.612691486,335.94223775182,555.53743884289,0
