time,max_d,max_disp_z,min_disp_z
0,0,0,0
2e-08,0,0.0001712305006066,-0.0002
4e-08,0,0.00024708188049759,-0.0004
6e-08,0,0.00021806365946573,-0.0006
8e-08,0.0005078758762022,0.0002034666927653,-0.0008
1e-07,0.0014263653129231,0.00019025975069737,-0.001
1.2e-07,0.002067719144837,0.00021252518905868,-0.0012
