time,max_disp_z,min_disp_z
0,0,0
1e-07,0.00058947210406416,-0.001
2e-07,0.0011083308096516,-0.002
