time,max_disp_z,min_disp_z
0,0,0
1e-07,0.00058947210406416,-0.001
2e-07,0.0011083308096516,-0.002
3e-07,0.0015094014630273,-0.003
4e-07,0.0017714216677632,-0.004
5e-07,0.0019004093160518,-0.005
6e-07,0.0019198254414572,-0.006
7e-07,0.0018647562279018,-0.007
8e-07,0.0017292790631389,-0.008
9e-07,0.00090166060178751,-0.009
1e-06,0.00073176345965577,-0.01
1.1e-06,0.00062744294939782,-0.011
1.2e-06,0.00071548946157362,-0.012
1.3e-06,0.00069078287920015,-0.013
1.4e-06,0.00068243088165244,-0.014
