$MeshFormat
4.1 0 8
$EndMeshFormat
$PhysicalNames
2
1 1 "inner"
2 2 "Entire_Plane"
$EndPhysicalNames
$Entities
2 2 1 0
2 0.42 0 0 0 
3 3 0 0 0 
2 -0.4200001 -0.4200001 -1e-07 0.4200001 0.4200001 1e-07 1 1 2 2 -2 
3 -3.0000001 -3.0000001 -1e-07 3.0000001 3.0000001 1e-07 0 2 3 -3 
1 -3.0000001 -3.0000001 -1e-07 3.0000001 3.0000001 1e-07 1 2 2 3 -2 
$EndEntities
$Nodes
5 3417 1 3417
0 2 0 1
1
0.42 0 0
0 3 0 1
2
3 0 0
1 2 0 26
3
4
5
6
7
8
9
10
11
12
13
14
15
16
17
18
19
20
21
22
23
24
25
26
27
28
0.408678845643526 0.09685866571182476 0
0.3753257089358332 0.1884956556841939 0
0.321738666109971 0.2699707960683462 0
0.2508066085151707 0.336891740957118 0
0.1663535017364463 0.3856507648897149 0
0.07293223462011124 0.4136192562651272 0
-0.02442082814239945 0.4192894264739327 0
-0.1204573577386575 0.4023555951725054 0
-0.2099999999999997 0.3637306695894643 0
-0.2882214879048679 0.3054969294606806 0
-0.350904880793433 0.2307937707897389 0
-0.3946709007300814 0.1436484601967811 0
-0.417160110251616 0.04875902393259675 0
-0.417160110251616 -0.04875902393259646 0
-0.3946709007300816 -0.1436484601967807 0
-0.3509048807934333 -0.2307937707897385 0
-0.2882214879048682 -0.3054969294606803 0
-0.2100000000000002 -0.3637306695894641 0
-0.1204573577386584 -0.4023555951725051 0
-0.02442082814240039 -0.4192894264739326 0
0.07293223462011059 -0.4136192562651274 0
0.1663535017364454 -0.3856507648897153 0
0.2508066085151701 -0.3368917409571184 0
0.3217386661099707 -0.2699707960683466 0
0.3753257089358331 -0.1884956556841942 0
0.4086788456435261 -0.09685866571182462 0
1 3 0 188
29
30
31
32
33
34
35
36
37
38
39
40
41
42
43
44
45
46
47
48
49
50
51
52
53
54
55
56
57
58
59
60
61
62
63
64
65
66
67
68
69
70
71
72
73
74
75
76
77
78
79
80
81
82
83
84
85
86
87
88
89
90
91
92
93
94
95
96
97
98
99
100
101
102
103
104
105
106
107
108
109
110
111
112
113
114
115
116
117
118
119
120
121
122
123
124
125
126
127
128
129
130
131
132
133
134
135
136
137
138
139
140
141
142
143
144
145
146
147
148
149
150
151
152
153
154
155
156
157
158
159
160
161
162
163
164
165
166
167
168
169
170
171
172
173
174
175
176
177
178
179
180
181
182
183
184
185
186
187
188
189
190
191
192
193
194
195
196
197
198
199
200
201
202
203
204
205
206
207
208
209
210
211
212
213
214
215
216
2.998342370798027 0.09971473049288004 0
2.993371315015155 0.1993192676196722 0
2.985092326096204 0.2987035397874495 0
2.973514553037038 0.3977577188150372 0
2.958650790274135 0.4963723413026128 0
2.940517463545632 0.5944384295981918 0
2.919134611739472 0.6918476122273194 0
2.894525864748705 0.7884922436528847 0
2.866718417358423 0.8842655232327111 0
2.835742999193175 0.9790616132434651 0
2.801633840758091 1.072775755840457 0
2.764428635611224 1.165304388824082 0
2.724168498708916 1.256545260084972 0
2.680897920970238 1.346397540601384 0
2.634664720110687 1.434761935863952 0
2.585519987799493 1.521540795604675 0
2.533518033198925 1.606638221708873 0
2.478716322947986 1.689960174190864 0
2.42117541765683 1.771414575116247 0
2.360958904982069 1.850911410355955 0
2.298133329356936 1.928362829059615 0
2.232768118453958 2.003683240738309 0
2.16493550646139 2.076789409849435 0
2.094710454258221 2.147600547779152 0
2.022170566575949 2.216038402120754 0
1.947396006238659 2.282027343150323 0
1.870469405576205 2.345494447404086 0
1.791475775108363 2.406369578265128 0
1.710502409600889 2.464585463470389 0
1.627638791597283 2.520077769452311 0
1.542976492532866 2.572785172432976 0
1.456609071540461 2.622649426192154 0
1.368631972059494 2.669615426434403 0
1.279142416362766 2.713631271684056 0
1.188239298117476 2.75464832064082 0
1.096023073099191 2.792621245932611 0
1.002595648179568 2.827508084206196 0
0.9080602687104825 2.859270282500318 0
0.8125214044290205 2.887872740850035 0
0.7160846340094187 2.913283851075208 0
0.6188565283895373 2.935475531710263 0
0.5209445330007959 2.954423259036624 0
0.4224568490317148 2.970106094183539 0
0.3235023138562813 2.982506706267336 0
0.2241902807592778 2.99161139154354 0
0.1246304980914849 2.997410088550692 0
0.02493298798829602 2.999896389229131 0
-0.07479207521421341 2.999067546002449 0
-0.1744344867314226 2.994924474813805 0
-0.2738841331159398 2.987471754113724 0
-0.3730311139424502 2.976717619800517 0
-0.4717658632571515 2.962673956118903 0
-0.5699792706575655 2.945356282526898 0
-0.6675628018689385 2.924783736545472 0
-0.7644086186839587 2.900979052609943 0
-0.8604096981332661 2.873968536946468 0
-0.9554599507550492 2.843782038501397 0
-1.04945433783304 2.810452915955615 0
-1.142288987473344 2.774018000860327 0
-1.23386130939183 2.734517556935022 0
-1.324070108285227 2.691995235572594 0
-1.412815695660657 2.646498027600794 0
-1.499999999999996 2.598076211353318 0
-1.585526675137362 2.546783297107915 0
-1.669301206729919 2.492675967952922 0
-1.751231016704365 2.435814017147573 0
-1.831225565563685 2.37626028204529 0
-1.909196452441085 2.314080574653003 0
-1.985057512790573 2.249343608903208 0
-2.058724913606194 2.182120924719152 0
-2.130117246064735 2.112486808957061 0
-2.199155615489473 2.040518213312765 0
-2.265763728535598 1.966294669283438 0
-2.329867977500929 1.889898200278452 0
-2.391397521668762 1.811413230976439 0
-2.450284365592964 1.730926494028757 0
-2.506463434238803 1.648526934212427 0
-2.559872644896461 1.564305610138503 0
-2.610452975787777 1.478355593624463 0
-2.658148531290397 1.390771866841828 0
-2.702906603707251 1.301651217352687 0
-2.744677731513099 1.211092131151099 0
-2.783415754013771 1.119194683827595 0
-2.81907786235772 1.026060429977019 0
-2.851624646843483 0.9317922909719643 0
-2.881020140470795 0.8364944412257845 0
-2.90723185868723 0.7402721930708958 0
-2.93023083528642 0.6432318803795782 0
-2.949991654418215 0.5454807410558878 0
-2.966492478675383 0.4471267985285399 0
-2.979715073225827 0.3482787423757083 0
-2.989644825963645 0.2490458082136843 0
-2.996270763656766 0.1495376569821097 0
-2.999585564073317 0.04986425375919634 0
-2.999585564073318 -0.04986425375915964 0
-2.996270763656768 -0.1495376569820731 0
-2.989644825963648 -0.2490458082136464 0
-2.979715073225831 -0.3482787423756705 0
-2.966492478675389 -0.4471267985285023 0
-2.949991654418222 -0.5454807410558516 0
-2.930230835286428 -0.643231880379541 0
-2.907231858687239 -0.7402721930708589 0
-2.881020140470806 -0.836494441225748 0
-2.851624646843494 -0.9317922909719305 0
-2.819077862357733 -1.026060429976985 0
-2.783415754013785 -1.119194683827559 0
-2.744677731513113 -1.211092131151065 0
-2.702906603707268 -1.301651217352652 0
-2.658148531290415 -1.390771866841795 0
-2.610452975787796 -1.47835559362443 0
-2.559872644896481 -1.564305610138472 0
-2.506463434238824 -1.648526934212396 0
-2.450284365592986 -1.730926494028726 0
-2.391397521668783 -1.811413230976411 0
-2.329867977500952 -1.889898200278423 0
-2.265763728535623 -1.96629466928341 0
-2.199155615489499 -2.040518213312737 0
-2.130117246064761 -2.112486808957035 0
-2.058724913606222 -2.182120924719126 0
-1.985057512790601 -2.249343608903182 0
-1.909196452441114 -2.31408057465298 0
-1.831225565563715 -2.376260282045267 0
-1.751231016704395 -2.435814017147551 0
-1.669301206729949 -2.492675967952902 0
-1.585526675137393 -2.546783297107896 0
-1.500000000000029 -2.598076211353299 0
-1.412815695660689 -2.646498027600777 0
-1.324070108285261 -2.691995235572577 0
-1.233861309391864 -2.734517556935006 0
-1.142288987473376 -2.774018000860313 0
-1.049454337833074 -2.810452915955602 0
-0.9554599507550801 -2.843782038501386 0
-0.8604096981333 -2.873968536946458 0
-0.7644086186839905 -2.900979052609935 0
-0.6675628018689723 -2.924783736545464 0
-0.5699792706575962 -2.945356282526892 0
-0.4717658632571845 -2.962673956118898 0
-0.3730311139424813 -2.976717619800513 0
-0.2738841331159704 -2.987471754113721 0
-0.1744344867314526 -2.994924474813803 0
-0.07479207521424344 -2.999067546002448 0
0.02493298798826665 -2.999896389229131 0
0.1246304980914555 -2.997410088550693 0
0.2241902807592492 -2.991611391543542 0
0.3235023138562528 -2.982506706267339 0
0.422456849031687 -2.970106094183542 0
0.5209445330007689 -2.954423259036628 0
0.6188565283895132 -2.935475531710268 0
0.7160846340093922 -2.913283851075215 0
0.8125214044289973 -2.887872740850042 0
0.9080602687104578 -2.859270282500325 0
1.002595648179546 -2.827508084206204 0
1.096023073099166 -2.79262124593262 0
1.188239298117455 -2.754648320640829 0
1.279142416362744 -2.713631271684066 0
1.368631972059474 -2.669615426434413 0
1.45660907154044 -2.622649426192166 0
1.542976492532847 -2.572785172432987 0
1.627638791597266 -2.520077769452322 0
1.710502409600873 -2.4645854634704 0
1.791475775108347 -2.40636957826514 0
1.87046940557619 -2.345494447404098 0
1.947396006238646 -2.282027343150334 0
2.022170566575936 -2.216038402120766 0
2.094710454258209 -2.147600547779164 0
2.164935506461376 -2.07678940984945 0
2.232768118453947 -2.003683240738321 0
2.298133329356928 -1.928362829059625 0
2.36095890498206 -1.850911410355967 0
2.421175417656824 -1.771414575116256 0
2.478716322947979 -1.689960174190875 0
2.53351803319892 -1.606638221708882 0
2.585519987799487 -1.521540795604686 0
2.634664720110682 -1.434761935863961 0
2.680897920970233 -1.346397540601394 0
2.724168498708913 -1.25654526008498 0
2.76442863561122 -1.165304388824091 0
2.801633840758089 -1.072775755840464 0
2.835742999193173 -0.9790616132434713 0
2.866718417358421 -0.8842655232327168 0
2.894525864748704 -0.7884922436528898 0
2.919134611739471 -0.6918476122273239 0
2.940517463545631 -0.5944384295981957 0
2.958650790274134 -0.4963723413026189 0
2.973514553037038 -0.3977577188150401 0
2.985092326096204 -0.2987035397874545 0
2.993371315015155 -0.199319267619674 0
2.998342370798027 -0.09971473049287868 0
2 1 0 3201
217
218
219
220
221
222
223
224
225
226
227
228
229
230
231
232
233
234
235
236
237
238
239
240
241
242
243
244
245
246
247
248
249
250
251
252
253
254
255
256
257
258
259
260
261
262
263
264
265
266
267
268
269
270
271
272
273
274
275
276
277
278
279
280
281
282
283
284
285
286
287
288
289
290
291
292
293
294
295
296
297
298
299
300
301
302
303
304
305
306
307
308
309
310
311
312
313
314
315
316
317
318
319
320
321
322
323
324
325
326
327
328
329
330
331
332
333
334
335
336
337
338
339
340
341
342
343
344
345
346
347
348
349
350
351
352
353
354
355
356
357
358
359
360
361
362
363
364
365
366
367
368
369
370
371
372
373
374
375
376
377
378
379
380
381
382
383
384
385
386
387
388
389
390
391
392
393
394
395
396
397
398
399
400
401
402
403
404
405
406
407
408
409
410
411
412
413
414
415
416
417
418
419
420
421
422
423
424
425
426
427
428
429
430
431
432
433
434
435
436
437
438
439
440
441
442
443
444
445
446
447
448
449
450
451
452
453
454
455
456
457
458
459
460
461
462
463
464
465
466
467
468
469
470
471
472
473
474
475
476
477
478
479
480
481
482
483
484
485
486
487
488
489
490
491
492
493
494
495
496
497
498
499
500
501
502
503
504
505
506
507
508
509
510
511
512
513
514
515
516
517
518
519
520
521
522
523
524
525
526
527
528
529
530
531
532
533
534
535
536
537
538
539
540
541
542
543
544
545
546
547
548
549
550
551
552
553
554
555
556
557
558
559
560
561
562
563
564
565
566
567
568
569
570
571
572
573
574
575
576
577
578
579
580
581
582
583
584
585
586
587
588
589
590
591
592
593
594
595
596
597
598
599
600
601
602
603
604
605
606
607
608
609
610
611
612
613
614
615
616
617
618
619
620
621
622
623
624
625
626
627
628
629
630
631
632
633
634
635
636
637
638
639
640
641
642
643
644
645
646
647
648
649
650
651
652
653
654
655
656
657
658
659
660
661
662
663
664
665
666
667
668
669
670
671
672
673
674
675
676
677
678
679
680
681
682
683
684
685
686
687
688
689
690
691
692
693
694
695
696
697
698
699
700
701
702
703
704
705
706
707
708
709
710
711
712
713
714
715
716
717
718
719
720
721
722
723
724
725
726
727
728
729
730
731
732
733
734
735
736
737
738
739
740
741
742
743
744
745
746
747
748
749
750
751
752
753
754
755
756
757
758
759
760
761
762
763
764
765
766
767
768
769
770
771
772
773
774
775
776
777
778
779
780
781
782
783
784
785
786
787
788
789
790
791
792
793
794
795
796
797
798
799
800
801
802
803
804
805
806
807
808
809
810
811
812
813
814
815
816
817
818
819
820
821
822
823
824
825
826
827
828
829
830
831
832
833
834
835
836
837
838
839
840
841
842
843
844
845
846
847
848
849
850
851
852
853
854
855
856
857
858
859
860
861
862
863
864
865
866
867
868
869
870
871
872
873
874
875
876
877
878
879
880
881
882
883
884
885
886
887
888
889
890
891
892
893
894
895
896
897
898
899
900
901
902
903
904
905
906
907
908
909
910
911
912
913
914
915
916
917
918
919
920
921
922
923
924
925
926
927
928
929
930
931
932
933
934
935
936
937
938
939
940
941
942
943
944
945
946
947
948
949
950
951
952
953
954
955
956
957
958
959
960
961
962
963
964
965
966
967
968
969
970
971
972
973
974
975
976
977
978
979
980
981
982
983
984
985
986
987
988
989
990
991
992
993
994
995
996
997
998
999
1000
1001
1002
1003
1004
1005
1006
1007
1008
1009
1010
1011
1012
1013
1014
1015
1016
1017
1018
1019
1020
1021
1022
1023
1024
1025
1026
1027
1028
1029
1030
1031
1032
1033
1034
1035
1036
1037
1038
1039
1040
1041
1042
1043
1044
1045
1046
1047
1048
1049
1050
1051
1052
1053
1054
1055
1056
1057
1058
1059
1060
1061
1062
1063
1064
1065
1066
1067
1068
1069
1070
1071
1072
1073
1074
1075
1076
1077
1078
1079
1080
1081
1082
1083
1084
1085
1086
1087
1088
1089
1090
1091
1092
1093
1094
1095
1096
1097
1098
1099
1100
1101
1102
1103
1104
1105
1106
1107
1108
1109
1110
1111
1112
1113
1114
1115
1116
1117
1118
1119
1120
1121
1122
1123
1124
1125
1126
1127
1128
1129
1130
1131
1132
1133
1134
1135
1136
1137
1138
1139
1140
1141
1142
1143
1144
1145
1146
1147
1148
1149
1150
1151
1152
1153
1154
1155
1156
1157
1158
1159
1160
1161
1162
1163
1164
1165
1166
1167
1168
1169
1170
1171
1172
1173
1174
1175
1176
1177
1178
1179
1180
1181
1182
1183
1184
1185
1186
1187
1188
1189
1190
1191
1192
1193
1194
1195
1196
1197
1198
1199
1200
1201
1202
1203
1204
1205
1206
1207
1208
1209
1210
1211
1212
1213
1214
1215
1216
1217
1218
1219
1220
1221
1222
1223
1224
1225
1226
1227
1228
1229
1230
1231
1232
1233
1234
1235
1236
1237
1238
1239
1240
1241
1242
1243
1244
1245
1246
1247
1248
1249
1250
1251
1252
1253
1254
1255
1256
1257
1258
1259
1260
1261
1262
1263
1264
1265
1266
1267
1268
1269
1270
1271
1272
1273
1274
1275
1276
1277
1278
1279
1280
1281
1282
1283
1284
1285
1286
1287
1288
1289
1290
1291
1292
1293
1294
1295
1296
1297
1298
1299
1300
1301
1302
1303
1304
1305
1306
1307
1308
1309
1310
1311
1312
1313
1314
1315
1316
1317
1318
1319
1320
1321
1322
1323
1324
1325
1326
1327
1328
1329
1330
1331
1332
1333
1334
1335
1336
1337
1338
1339
1340
1341
1342
1343
1344
1345
1346
1347
1348
1349
1350
1351
1352
1353
1354
1355
1356
1357
1358
1359
1360
1361
1362
1363
1364
1365
1366
1367
1368
1369
1370
1371
1372
1373
1374
1375
1376
1377
1378
1379
1380
1381
1382
1383
1384
1385
1386
1387
1388
1389
1390
1391
1392
1393
1394
1395
1396
1397
1398
1399
1400
1401
1402
1403
1404
1405
1406
1407
1408
1409
1410
1411
1412
1413
1414
1415
1416
1417
1418
1419
1420
1421
1422
1423
1424
1425
1426
1427
1428
1429
1430
1431
1432
1433
1434
1435
1436
1437
1438
1439
1440
1441
1442
1443
1444
1445
1446
1447
1448
1449
1450
1451
1452
1453
1454
1455
1456
1457
1458
1459
1460
1461
1462
1463
1464
1465
1466
1467
1468
1469
1470
1471
1472
1473
1474
1475
1476
1477
1478
1479
1480
1481
1482
1483
1484
1485
1486
1487
1488
1489
1490
1491
1492
1493
1494
1495
1496
1497
1498
1499
1500
1501
1502
1503
1504
1505
1506
1507
1508
1509
1510
1511
1512
1513
1514
1515
1516
1517
1518
1519
1520
1521
1522
1523
1524
1525
1526
1527
1528
1529
1530
1531
1532
1533
1534
1535
1536
1537
1538
1539
1540
1541
1542
1543
1544
1545
1546
1547
1548
1549
1550
1551
1552
1553
1554
1555
1556
1557
1558
1559
1560
1561
1562
1563
1564
1565
1566
1567
1568
1569
1570
1571
1572
1573
1574
1575
1576
1577
1578
1579
1580
1581
1582
1583
1584
1585
1586
1587
1588
1589
1590
1591
1592
1593
1594
1595
1596
1597
1598
1599
1600
1601
1602
1603
1604
1605
1606
1607
1608
1609
1610
1611
1612
1613
1614
1615
1616
1617
1618
1619
1620
1621
1622
1623
1624
1625
1626
1627
1628
1629
1630
1631
1632
1633
1634
1635
1636
1637
1638
1639
1640
1641
1642
1643
1644
1645
1646
1647
1648
1649
1650
1651
1652
1653
1654
1655
1656
1657
1658
1659
1660
1661
1662
1663
1664
1665
1666
1667
1668
1669
1670
1671
1672
1673
1674
1675
1676
1677
1678
1679
1680
1681
1682
1683
1684
1685
1686
1687
1688
1689
1690
1691
1692
1693
1694
1695
1696
1697
1698
1699
1700
1701
1702
1703
1704
1705
1706
1707
1708
1709
1710
1711
1712
1713
1714
1715
1716
1717
1718
1719
1720
1721
1722
1723
1724
1725
1726
1727
1728
1729
1730
1731
1732
1733
1734
1735
1736
1737
1738
1739
1740
1741
1742
1743
1744
1745
1746
1747
1748
1749
1750
1751
1752
1753
1754
1755
1756
1757
1758
1759
1760
1761
1762
1763
1764
1765
1766
1767
1768
1769
1770
1771
1772
1773
1774
1775
1776
1777
1778
1779
1780
1781
1782
1783
1784
1785
1786
1787
1788
1789
1790
1791
1792
1793
1794
1795
1796
1797
1798
1799
1800
1801
1802
1803
1804
1805
1806
1807
1808
1809
1810
1811
1812
1813
1814
1815
1816
1817
1818
1819
1820
1821
1822
1823
1824
1825
1826
1827
1828
1829
1830
1831
1832
1833
1834
1835
1836
1837
1838
1839
1840
1841
1842
1843
1844
1845
1846
1847
1848
1849
1850
1851
1852
1853
1854
1855
1856
1857
1858
1859
1860
1861
1862
1863
1864
1865
1866
1867
1868
1869
1870
1871
1872
1873
1874
1875
1876
1877
1878
1879
1880
1881
1882
1883
1884
1885
1886
1887
1888
1889
1890
1891
1892
1893
1894
1895
1896
1897
1898
1899
1900
1901
1902
1903
1904
1905
1906
1907
1908
1909
1910
1911
1912
1913
1914
1915
1916
1917
1918
1919
1920
1921
1922
1923
1924
1925
1926
1927
1928
1929
1930
1931
1932
1933
1934
1935
1936
1937
1938
1939
1940
1941
1942
1943
1944
1945
1946
1947
1948
1949
1950
1951
1952
1953
1954
1955
1956
1957
1958
1959
1960
1961
1962
1963
1964
1965
1966
1967
1968
1969
1970
1971
1972
1973
1974
1975
1976
1977
1978
1979
1980
1981
1982
1983
1984
1985
1986
1987
1988
1989
1990
1991
1992
1993
1994
1995
1996
1997
1998
1999
2000
2001
2002
2003
2004
2005
2006
2007
2008
2009
2010
2011
2012
2013
2014
2015
2016
2017
2018
2019
2020
2021
2022
2023
2024
2025
2026
2027
2028
2029
2030
2031
2032
2033
2034
2035
2036
2037
2038
2039
2040
2041
2042
2043
2044
2045
2046
2047
2048
2049
2050
2051
2052
2053
2054
2055
2056
2057
2058
2059
2060
2061
2062
2063
2064
2065
2066
2067
2068
2069
2070
2071
2072
2073
2074
2075
2076
2077
2078
2079
2080
2081
2082
2083
2084
2085
2086
2087
2088
2089
2090
2091
2092
2093
2094
2095
2096
2097
2098
2099
2100
2101
2102
2103
2104
2105
2106
2107
2108
2109
2110
2111
2112
2113
2114
2115
2116
2117
2118
2119
2120
2121
2122
2123
2124
2125
2126
2127
2128
2129
2130
2131
2132
2133
2134
2135
2136
2137
2138
2139
2140
2141
2142
2143
2144
2145
2146
2147
2148
2149
2150
2151
2152
2153
2154
2155
2156
2157
2158
2159
2160
2161
2162
2163
2164
2165
2166
2167
2168
2169
2170
2171
2172
2173
2174
2175
2176
2177
2178
2179
2180
2181
2182
2183
2184
2185
2186
2187
2188
2189
2190
2191
2192
2193
2194
2195
2196
2197
2198
2199
2200
2201
2202
2203
2204
2205
2206
2207
2208
2209
2210
2211
2212
2213
2214
2215
2216
2217
2218
2219
2220
2221
2222
2223
2224
2225
2226
2227
2228
2229
2230
2231
2232
2233
2234
2235
2236
2237
2238
2239
2240
2241
2242
2243
2244
2245
2246
2247
2248
2249
2250
2251
2252
2253
2254
2255
2256
2257
2258
2259
2260
2261
2262
2263
2264
2265
2266
2267
2268
2269
2270
2271
2272
2273
2274
2275
2276
2277
2278
2279
2280
2281
2282
2283
2284
2285
2286
2287
2288
2289
2290
2291
2292
2293
2294
2295
2296
2297
2298
2299
2300
2301
2302
2303
2304
2305
2306
2307
2308
2309
2310
2311
2312
2313
2314
2315
2316
2317
2318
2319
2320
2321
2322
2323
2324
2325
2326
2327
2328
2329
2330
2331
2332
2333
2334
2335
2336
2337
2338
2339
2340
2341
2342
2343
2344
2345
2346
2347
2348
2349
2350
2351
2352
2353
2354
2355
2356
2357
2358
2359
2360
2361
2362
2363
2364
2365
2366
2367
2368
2369
2370
2371
2372
2373
2374
2375
2376
2377
2378
2379
2380
2381
2382
2383
2384
2385
2386
2387
2388
2389
2390
2391
2392
2393
2394
2395
2396
2397
2398
2399
2400
2401
2402
2403
2404
2405
2406
2407
2408
2409
2410
2411
2412
2413
2414
2415
2416
2417
2418
2419
2420
2421
2422
2423
2424
2425
2426
2427
2428
2429
2430
2431
2432
2433
2434
2435
2436
2437
2438
2439
2440
2441
2442
2443
2444
2445
2446
2447
2448
2449
2450
2451
2452
2453
2454
2455
2456
2457
2458
2459
2460
2461
2462
2463
2464
2465
2466
2467
2468
2469
2470
2471
2472
2473
2474
2475
2476
2477
2478
2479
2480
2481
2482
2483
2484
2485
2486
2487
2488
2489
2490
2491
2492
2493
2494
2495
2496
2497
2498
2499
2500
2501
2502
2503
2504
2505
2506
2507
2508
2509
2510
2511
2512
2513
2514
2515
2516
2517
2518
2519
2520
2521
2522
2523
2524
2525
2526
2527
2528
2529
2530
2531
2532
2533
2534
2535
2536
2537
2538
2539
2540
2541
2542
2543
2544
2545
2546
2547
2548
2549
2550
2551
2552
2553
2554
2555
2556
2557
2558
2559
2560
2561
2562
2563
2564
2565
2566
2567
2568
2569
2570
2571
2572
2573
2574
2575
2576
2577
2578
2579
2580
2581
2582
2583
2584
2585
2586
2587
2588
2589
2590
2591
2592
2593
2594
2595
2596
2597
2598
2599
2600
2601
2602
2603
2604
2605
2606
2607
2608
2609
2610
2611
2612
2613
2614
2615
2616
2617
2618
2619
2620
2621
2622
2623
2624
2625
2626
2627
2628
2629
2630
2631
2632
2633
2634
2635
2636
2637
2638
2639
2640
2641
2642
2643
2644
2645
2646
2647
2648
2649
2650
2651
2652
2653
2654
2655
2656
2657
2658
2659
2660
2661
2662
2663
2664
2665
2666
2667
2668
2669
2670
2671
2672
2673
2674
2675
2676
2677
2678
2679
2680
2681
2682
2683
2684
2685
2686
2687
2688
2689
2690
2691
2692
2693
2694
2695
2696
2697
2698
2699
2700
2701
2702
2703
2704
2705
2706
2707
2708
2709
2710
2711
2712
2713
2714
2715
2716
2717
2718
2719
2720
2721
2722
2723
2724
2725
2726
2727
2728
2729
2730
2731
2732
2733
2734
2735
2736
2737
2738
2739
2740
2741
2742
2743
2744
2745
2746
2747
2748
2749
2750
2751
2752
2753
2754
2755
2756
2757
2758
2759
2760
2761
2762
2763
2764
2765
2766
2767
2768
2769
2770
2771
2772
2773
2774
2775
2776
2777
2778
2779
2780
2781
2782
2783
2784
2785
2786
2787
2788
2789
2790
2791
2792
2793
2794
2795
2796
2797
2798
2799
2800
2801
2802
2803
2804
2805
2806
2807
2808
2809
2810
2811
2812
2813
2814
2815
2816
2817
2818
2819
2820
2821
2822
2823
2824
2825
2826
2827
2828
2829
2830
2831
2832
2833
2834
2835
2836
2837
2838
2839
2840
2841
2842
2843
2844
2845
2846
2847
2848
2849
2850
2851
2852
2853
2854
2855
2856
2857
2858
2859
2860
2861
2862
2863
2864
2865
2866
2867
2868
2869
2870
2871
2872
2873
2874
2875
2876
2877
2878
2879
2880
2881
2882
2883
2884
2885
2886
2887
2888
2889
2890
2891
2892
2893
2894
2895
2896
2897
2898
2899
2900
2901
2902
2903
2904
2905
2906
2907
2908
2909
2910
2911
2912
2913
2914
2915
2916
2917
2918
2919
2920
2921
2922
2923
2924
2925
2926
2927
2928
2929
2930
2931
2932
2933
2934
2935
2936
2937
2938
2939
2940
2941
2942
2943
2944
2945
2946
2947
2948
2949
2950
2951
2952
2953
2954
2955
2956
2957
2958
2959
2960
2961
2962
2963
2964
2965
2966
2967
2968
2969
2970
2971
2972
2973
2974
2975
2976
2977
2978
2979
2980
2981
2982
2983
2984
2985
2986
2987
2988
2989
2990
2991
2992
2993
2994
2995
2996
2997
2998
2999
3000
3001
3002
3003
3004
3005
3006
3007
3008
3009
3010
3011
3012
3013
3014
3015
3016
3017
3018
3019
3020
3021
3022
3023
3024
3025
3026
3027
3028
3029
3030
3031
3032
3033
3034
3035
3036
3037
3038
3039
3040
3041
3042
3043
3044
3045
3046
3047
3048
3049
3050
3051
3052
3053
3054
3055
3056
3057
3058
3059
3060
3061
3062
3063
3064
3065
3066
3067
3068
3069
3070
3071
3072
3073
3074
3075
3076
3077
3078
3079
3080
3081
3082
3083
3084
3085
3086
3087
3088
3089
3090
3091
3092
3093
3094
3095
3096
3097
3098
3099
3100
3101
3102
3103
3104
3105
3106
3107
3108
3109
3110
3111
3112
3113
3114
3115
3116
3117
3118
3119
3120
3121
3122
3123
3124
3125
3126
3127
3128
3129
3130
3131
3132
3133
3134
3135
3136
3137
3138
3139
3140
3141
3142
3143
3144
3145
3146
3147
3148
3149
3150
3151
3152
3153
3154
3155
3156
3157
3158
3159
3160
3161
3162
3163
3164
3165
3166
3167
3168
3169
3170
3171
3172
3173
3174
3175
3176
3177
3178
3179
3180
3181
3182
3183
3184
3185
3186
3187
3188
3189
3190
3191
3192
3193
3194
3195
3196
3197
3198
3199
3200
3201
3202
3203
3204
3205
3206
3207
3208
3209
3210
3211
3212
3213
3214
3215
3216
3217
3218
3219
3220
3221
3222
3223
3224
3225
3226
3227
3228
3229
3230
3231
3232
3233
3234
3235
3236
3237
3238
3239
3240
3241
3242
3243
3244
3245
3246
3247
3248
3249
3250
3251
3252
3253
3254
3255
3256
3257
3258
3259
3260
3261
3262
3263
3264
3265
3266
3267
3268
3269
3270
3271
3272
3273
3274
3275
3276
3277
3278
3279
3280
3281
3282
3283
3284
3285
3286
3287
3288
3289
3290
3291
3292
3293
3294
3295
3296
3297
3298
3299
3300
3301
3302
3303
3304
3305
3306
3307
3308
3309
3310
3311
3312
3313
3314
3315
3316
3317
3318
3319
3320
3321
3322
3323
3324
3325
3326
3327
3328
3329
3330
3331
3332
3333
3334
3335
3336
3337
3338
3339
3340
3341
3342
3343
3344
3345
3346
3347
3348
3349
3350
3351
3352
3353
3354
3355
3356
3357
3358
3359
3360
3361
3362
3363
3364
3365
3366
3367
3368
3369
3370
3371
3372
3373
3374
3375
3376
3377
3378
3379
3380
3381
3382
3383
3384
3385
3386
3387
3388
3389
3390
3391
3392
3393
3394
3395
3396
3397
3398
3399
3400
3401
3402
3403
3404
3405
3406
3407
3408
3409
3410
3411
3412
3413
3414
3415
3416
3417
-0.5179952796770136 -2.860227535700367 0
2.899354252169489 -0.328511862963915 0
2.440220243842822 -1.608485261833352 0
0.8356486408065569 -2.807541610719378 0
-2.24213834764935 -1.868786100935014 0
-1.159366085382878 -2.680798794443843 0
-2.835874392582586 -0.6707420436411051 0
-2.609350873102343 1.31046006318954 0
-2.910873869419177 0.001671070794149824 0
1.996512813456101 -2.103505502921684 0
-1.739653243645229 -2.336759838119963 0
-2.601736658744828 -1.312097839866711 0
-1.734051013356409 2.355498246480432 0
1.46015110523956 -2.528256529584438 0
-2.850566927432225 0.6690754982427206 0
-1.161888382278595 2.670653771280799 0
1.992627068031321 2.118649763983322 0
-2.238088518097483 1.861283159348677 0
2.734703479274318 0.9977621768028693 0
0.8355203810282102 2.790832428158716 0
-0.5090452919096018 2.869958026595694 0
2.89059110371208 0.3307290976692325 0
2.43474029813951 1.587936661062102 0
0.169388570508339 2.90828943906155 0
1.460259543584963 2.525994352913953 0
0.1699123455688026 -2.902379072402602 0
2.74856846854458 -0.9885224899574794 0
2.920550714023007 -0.03640944983278977 0
2.581077938492 -1.352600052658904 0
1.110244126707436 -2.696243183105703 0
-0.7892661854252377 -2.801758106160891 0
-1.423886247921625 -2.546929812593076 0
2.270653940682965 -1.834936259595323 0
-0.2098736393561466 -2.901898611008727 0
2.85307266621801 -0.6227196477677024 0
0.5534913174865336 -2.860155120031574 0
-2.763622789303126 -0.9489801718514724 0
-1.423602212226075 2.544413906604188 0
-2.411895621261026 -1.643033648159479 0
1.704923049671073 -2.369625179173876 0
-2.897485507750741 0.2932718721762825 0
-2.898741707718358 -0.2900628571704117 0
-0.2234255298776551 2.90536921876314 0
1.712334658842808 2.36718526772842 0
-2.031780152486998 -2.084711341848865 0
0.5611299323760752 2.853321231073368 0
-0.883500740048653 2.781585239114304 0
-2.724440152271604 1.04424782425369 0
-2.456570662041668 1.560851500631887 0
2.262471221012988 1.83522857520904 0
2.619603735826237 1.263301077238769 0
-2.034116166615429 2.085476293293587 0
1.103977503877664 2.692573514149489 0
2.823133532290165 0.7188581278907942 0
1.285768354055868 -2.614123120452493 0
2.13551747512519 1.976878077397297 0
-1.895537352990764 2.213725389267616 0
-2.780427143924355 0.8587033133141633 0
-2.874423218839888 0.4919008193320608 0
0.3628693033046912 2.896908350175276 0
-2.354114512308351 1.716732202425296 0
-2.681380922921726 -1.140752826959451 0
-1.892421433233423 -2.212844072216245 0
-2.866278166348455 -0.4788046319906625 0
-1.598531825970595 2.448503685961178 0
1.875647251007705 2.251688775479553 0
-0.6953702492592212 2.829010456965646 0
2.130922741848563 -1.99139829958014 0
0.35631781483583 -2.889183239508425 0
2.913866018820415 0.1458388438767914 0
-0.9735932774835839 -2.745715950205808 0
2.663993391544288 -1.18601893331825 0
2.794278194411529 -0.8159460862795123 0
-0.03545709560475749 -2.927771043624512 0
-0.01939513403692121 2.918194731148877 0
-2.514046432350478 -1.479252472556122 0
1.850487807955109 -2.248820585902728 0
1.291619262800075 2.618634947841564 0
2.530825490257849 1.430988720139111 0
-1.591064953346571 -2.441623826515882 0
2.864734484201497 0.5303959841148762 0
1.373464569127797 -2.572785172432987 0
1.290900607730998 -2.518405677381049 0
1.203945738407774 -2.558516652799569 0
1.20963450641718 -2.460875538827866 0
1.123622969557281 -2.500601205369925 0
1.129683804691844 -2.402473651553648 0
1.217111356032357 -2.36338771215387 0
1.135665871675394 -2.304600227718813 0
1.050330905181599 -2.346422731477771 0
1.055164293817551 -2.247465807541118 0
1.141464892690934 -2.205944650098949 0
1.059729425324446 -2.149197674779452 0
0.9751401421829419 -2.191456074001179 0
0.9800141054273429 -2.092566417624611 0
1.067403151875846 -2.050203602908089 0
0.9858361380720327 -1.994513712579627 0
0.8992795745480734 -2.03734581960485 0
1.074096769709214 -1.951300797283178 0
0.9929758515678302 -1.895647978500269 0
1.081280694246842 -1.85246262989294 0
1.000237631992205 -1.796841296855573 0
1.089105086181019 -1.753713997842091 0
1.007622483200986 -1.698099608224268 0
1.095882255858329 -1.654969380830529 0
1.014860274262932 -1.599402870322904 0
1.103194292431487 -1.556313764296829 0
0.9264245975381472 -1.641714457035821 0
1.022156568943883 -1.500772841603002 0
1.110920028805986 -1.457734473176022 0
1.029520696287327 -1.402202441706615 0
1.117790885698577 -1.359165467259315 0
1.036721464684683 -1.303667191159242 0
1.125631538378531 -1.26067676988342 0
1.205934425069121 -1.317570209897076 0
1.214284584140773 -1.2176407463344 0
1.132926003343742 -1.162040299033969 0
1.221913519246198 -1.119212999428764 0
1.303367643853096 -1.174969424118233 0
1.310773654245843 -1.076229984623896 0
1.229121717698881 -1.02063426031751 0
1.317991992832608 -0.977671761761735 0
1.399722310579566 -1.033157113436576 0
1.406861739335983 -0.9346262958776684 0
1.325178813802102 -0.8791551956916233 0
1.413996529817882 -0.8361267551057532 0
1.332348632674854 -0.7806784224868382 0
1.421156938677929 -0.7376678020858662 0
1.339489727705798 -0.6822733140101158 0
1.428297180140635 -0.6392458545124985 0
1.50998625230924 -0.6946432782592959 0
1.517102667189293 -0.5961896929860824 0
1.435397411350381 -0.5408012204620922 0
1.524206955129055 -0.4977476602723068 0
1.4424974778549 -0.4423765392623923 0
1.53129039928266 -0.3993271767344252 0
1.449616978240249 -0.3439674834005074 0
1.538390407790861 -0.3009263334230497 0
1.456757950710531 -0.2455877934104021 0
1.545474626756515 -0.2025389645406171 0
1.463373367979658 -0.1471872316922279 0
1.552495084681625 -0.1041546988826862 0
1.470383951863605 -0.04879295388033863 0
1.559543565275312 -0.005769277115740802 0
1.477311425141641 0.04971322510694031 0
1.566614536563854 0.09263678391448592 0
1.484168255191271 0.1481875514558381 0
1.573645068567864 0.1910512717010362 0
1.491981807279649 0.2464341459367527 0
1.580868362214497 0.2894383899081193 0
1.499298932489108 0.3448027271441097 0
1.58800241380151 0.3878665648656503 0
1.506428692616694 0.4432493036235424 0
1.595138825079777 0.4863402771788563 0
1.513571125421229 0.541727551995041 0
1.602424048258466 0.5848467364057546 0
1.520621628236805 0.6403014693502638 0
1.64135157429517 -0.06064150837152003 0
1.613043248855951 -0.4545438316619711 0
1.609576444073065 0.6834159003236373 0
1.527762134591251 0.7388664901486162 0
1.438803684771423 0.6957663477223743 0
1.445938949979666 0.794287803149109 0
1.357052759731269 0.75119094966772 0
1.364152043691678 0.8496742447958021 0
1.275319589880112 0.8065805152082168 0
1.282387853885982 0.9050587405538237 0
1.371245523027085 0.9481723770156998 0
1.289314360911963 1.003318285967437 0
1.200606639046147 0.9603900813813318 0
1.207516091213398 1.058625527055855 0
1.118842288510932 1.015758471536182 0
1.125795490478692 1.114004429402036 0
1.037138287931937 1.071105415010719 0
1.044076474378188 1.16933225080882 0
0.9554341808210969 1.126404496969395 0
0.9623894910323463 1.224671270328788 0
0.8737306067984734 1.181732377987143 0
0.8806938742658728 1.279983829015555 0
0.7920376537600892 1.237043395436485 0
0.7990167775959682 1.335312818509736 0
0.710357631927248 1.292340669644251 0
0.7173292606551017 1.390623269892384 0
0.6286566915028561 1.347647372851465 0
0.6356444902358338 1.445954953871303 0
0.5469503519118867 1.402957114562465 0
0.5539408021495009 1.501282544017264 0
0.4651357443039797 1.458243178314806 0
0.4723205998016516 1.556598212395188 0
0.3833109612497688 1.513538464656877 0
0.3908422785936559 1.61193948766511 0
0.3016096901407267 1.568892593766141 0
0.3090616842547714 1.667450700477924 0
0.2198660377892272 1.624303634260269 0
0.8889979453111615 1.377719137489311 0
0.2269606352098286 1.722908770027582 0
0.1380143781981448 1.679711899723806 0
0.1309335740306307 1.581140950438821 0
0.04912393242622717 1.636513178510146 0
0.04209370602767896 1.537971326767561 0
-0.03972240380335584 1.593332182675588 0
-0.03270277013038155 1.691868313866996 0
-0.1215589717637677 1.648674525564676 0
-0.1285631967366509 1.550118337524385 0
-0.2103817354689156 1.605457895640854 0
-0.2174017771355926 1.506959644075903 0
-0.2991747776211458 1.562259803784785 0
-0.3061622795735653 1.463810001417182 0
-0.3878989304930607 1.519007936981973 0
-0.394912427402865 1.420646241430886 0
-0.4766323634403879 1.475827535071415 0
-0.4836422975620531 1.377509086068148 0
-0.5653693751064592 1.432698664572781 0
-0.5723786193164255 1.334368043264062 0
-0.6540903247803705 1.389554524386586 0
-0.661120386066413 1.291202813351971 0
-0.7428192568100616 1.346430182222549 0
-0.7503346814405355 1.249103570134146 0
-0.8316184633034747 1.303465194229244 0
-0.839151222132891 1.206156833634249 0
-0.9203773549077522 1.260403947733746 0
-0.9273860530849517 1.162009026696057 0
-1.009034185202289 1.217107914593575 0
-1.016019849699287 1.1186497658451 0
-1.097761488387435 1.173899035520754 0
-1.104736722723417 1.07541979260301 0
-1.186540458547637 1.130714939569464 0
-1.192407420589859 1.029877929083973 0
-1.275185962857823 1.087147072391299 0
-1.281022558506114 0.9861954561195786 0
-0.7355346451293934 1.445156156687725 0
-1.363991972909092 1.043793462340196 0
-1.370965759957005 0.9451833575467609 0
-1.285936800544258 0.882468258648082 0
-1.377027287860141 0.8443242345962283 0
-0.3802900936449733 1.617794229604881 0
-1.090671506145371 1.272450761432989 0
-1.459869869365532 0.9019264824726099 0
-1.466823929538583 0.8033265304796454 0
-1.38205920013439 0.7440494194304088 0
-1.473443121204652 0.7044752501197271 0
-1.389694478188922 0.6477220249069877 0
-1.480939855872609 0.6067891374263079 0
-1.398717097607131 0.5511447671623741 0
-1.488674653564871 0.5083085325213799 0
-1.405008862071168 0.4529193840196825 0
-1.495609630021907 0.4098923056289455 0
-1.411854395207643 0.3545260478706089 0
-1.502527432880379 0.3114766295326942 0
-1.420415563438629 0.2562312907585883 0
-1.509693808434308 0.213085794769326 0
-1.427673703834724 0.1578426184608855 0
-1.516722383006722 0.1146949112874833 0
-1.434045332072728 0.05941525796800332 0
-1.523533894375803 0.01629609730386618 0
-1.439033807799809 -0.03910516093719142 0
-1.530130573550939 -0.08211636992213812 0
-1.445589385877404 -0.1375224849221064 0
-1.536892985748558 -0.1805245316312741 0
-1.453170434281341 -0.2358776921667348 0
-1.543921505423412 -0.2789267767488942 0
-1.460219426758732 -0.3342892799614657 0
-1.550204593308501 -0.3773980892967629 0
-1.466604029692466 -0.4327823254830078 0
-1.55698474767822 -0.4758552821382755 0
-1.473406137977638 -0.5312861203145687 0
-1.563916009267779 -0.5743803460604909 0
-1.482004511059162 -0.6297079067988466 0
-1.609348668059807 0.06913241446519063 0
-1.581676157181836 0.4631514600687042 0
-1.571251610380213 -0.6729407087902106 0
-1.489281106403551 -0.7282575632678779 0
-1.399026861340783 -0.6855870439904097 0
-1.407382495911194 -0.7836257693327593 0
-1.634022969049423 -0.3241932567256794 0
-1.496266845424845 -0.8268613276937545 0
-1.414344858980879 -0.8821450574279031 0
-1.32562121677848 -0.8389802948794489 0
-1.332452780039242 -0.9374035813923274 0
-1.243683788954415 -0.8941139059592522 0
-0.08536785733279773 -0.4933918249253585 0
-1.25056319307622 -0.9926043698116392 0
-1.161825674059659 -0.9493278412076256 0
-1.168711074665258 -1.047802722249044 0
-1.07859094043275 -1.002467374652349 0
-1.086651470629038 -1.102648792444267 0
-0.996511154184576 -1.057265460998425 0
-1.004749213824398 -1.157692047117769 0
-0.9149994015647662 -1.1124413697505 0
-0.9229860842633076 -1.212846199820103 0
-0.8324849870584247 -1.165866944702492 0
-0.8410677121508695 -1.267705372417065 0
-0.7525035724391416 -1.224621885121304 0
-0.7596029143219801 -1.323509768742366 0
-0.6704439086803732 -1.279128765805689 0
-0.6795333703213448 -1.381209345911244 0
-0.5887770038466785 -1.333659307383923 0
-0.5980385811758211 -1.436721405664039 0
-0.5075386777680074 -1.389994644656116 0
-0.5156601303687032 -1.491146997394415 0
-0.4257429538045922 -1.446186691823641 0
-0.4337230756668013 -1.546418173857314 0
-0.9299378278937579 -1.31186075184281 0
-0.3438456050779512 -1.501587092884668 0
-0.3507962641924428 -1.600184842600121 0
-0.6059928712099831 -1.540152262661422 0
-1.257401123981707 -1.091186751255527 0
1.216071077830028 1.156070667127938 0
0.5617938093338571 1.599396403673161 0
1.669677072610157 0.3332720365484226 0
0.2580304675065905 -0.4342281492760172 0
-0.261765774920177 -1.556557772349765 0
-0.2686822002005063 -1.65516836409294 0
-1.548977046779881 0.8591698920570168 0
-0.1798268792145419 -1.611784956155481 0
-0.1867041165001759 -1.710401497977357 0
-0.27558320968988 -1.753750137011859 0
-0.1935864485071207 -1.809071921107349 0
-0.1729228609533385 -1.513229184088129 0
-0.2819544980838238 -1.852391626684141 0
0.4723085636576249 0.1766994171453747 0
-0.4388143324813522 -0.2341529042426248 0
-0.1046834962817411 -1.765700918446666 0
-0.111555826579553 -1.864409271582949 0
0.01705640818305756 0.5041058254084732 0
-0.3931184054308438 0.3247634036809725 0
0.4255905293840372 -0.2767339882385343 0
1.616723655819237 0.7820303418704613 0
1.698582470570275 0.7265315059899338 0
1.70573314732585 0.8251989181966543 0
1.787637930404757 0.7696651690104145 0
1.250739873147026 -0.7252580816222278 0
0.947938725591042 -1.346644750378795 0
1.488612921020815 -0.9901209826932 0
-1.503209974054194 -0.9254760115880015 0
-0.1145658037128059 1.747261085789889 0
1.183274034759486 -1.615548930550118 0
-1.653158485876629 -0.6176212343651586 0
-1.357086118896146 1.142870927674719 0
0.3161814786881529 1.766079272127143 0
-1.306205907998576 0.5915009231377628 0
0.9484119009150945 1.028035166048825 0
0.4974713279927657 -0.0605922251100879 0
0.7030588572043024 1.194006582997564 0
-1.376935772977862 -0.3905380401357624 0
0.4579073050407246 1.359813956245294 0
1.410615626884656 0.3017120097874506 0
1.794799064633526 0.8684061111210648 0
-0.2242608281854254 1.40852143134667 0
-0.1979047206860319 0.4492421043602811 0
-1.329935078515799 0.2979257172743416 0
-0.02260774093392101 -1.821028811876652 0
-0.0294991362820527 -1.919776528455702 0
-0.3123729717931467 -0.3966435065148761 0
-1.347964567668743 0.002745310763153129 0
-0.9342464797072509 1.063354732616076 0
-0.4184172330548754 -1.345646175910719 0
-1.067927147912741 -0.9031054461954638 0
1.367156000391812 -0.2884923918506468 0
1.387490135578161 0.006556782512225584 0
0.3413094574298199 0.3700599593217081 0
1.876787324851041 0.8128126302763299 0
-0.6681216552848243 1.192830868803572 0
-0.6620000243827482 -1.177861070942079 0
-0.4847463817067343 0.1192212273430778 0
1.883924379840556 0.9116343262187283 0
0.05947467849867937 -1.87635956705774 0
0.05259643396392855 -1.97514274601942 0
-0.03646856754144286 -2.01855970313718 0
0.04572383233731332 -2.073988330731007 0
-0.04342737187283043 -2.117425999561899 0
1.161184258180808 -1.912083582538487 0
1.96594710377569 0.8560315252141772 0
1.958795819514973 0.7571701625107368 0
0.0663565605316891 -1.777627968055185 0
0.1484305275722879 -1.832941831382667 0
0.1553085556195533 -1.734223910454099 0
1.80191283075678 0.967216707887061 0
1.891066638588636 1.010476091254187 0
1.809010202240646 1.066077222978908 0
0.2340200883747626 1.821556373837936 0
0.3230342947394934 1.864769456258402 0
0.2410311843315559 1.92026638689959 0
0.3300970092072564 1.963507963751949 0
0.2480732360811169 2.019039435323874 0
0.3371885131832766 2.062296029652357 0
0.2551400828700564 2.117863594623152 0
0.4192187562018199 2.006742425304814 0
0.42633644112372 2.105576067798431 0
0.5085388978117125 2.049871241077477 0
0.03880786074522672 -2.172892185356349 0
0.1279435240003841 -2.129409037775009 0
2.047992007014023 0.8003982877362408 0
2.040819419443022 0.701503588982771 0
-0.05033254678074679 -2.216373295841548 0
1.898216561038164 1.109351226580258 0
1.816124455472928 1.164982880992612 0
0.2373613465381556 -1.789530291235417 0
0.2442362874180554 -1.690836660987218 0
0.5155405488214847 2.148857106563272 0
0.5978359301948217 2.093105780659994 0
0.1210417691226678 -2.228356679380103 0
0.2102168314974866 -2.184847542389492 0
2.13006318936401 0.7447461119211918 0
2.122883331282685 0.6458152626017992 0
1.905350196719861 1.208256345504918 0
1.823241522845261 1.263907788829145 0
1.987422537634805 1.152550502855437 0
0.6047838381444235 2.192155813634052 0
0.6869774974496128 2.136495801637444 0
0.5226004322443353 2.247812262528737 0
0.2032968718597363 -2.283827942482732 0
0.2925106258624247 -2.240309470814164 0
1.912523260466947 1.307183566123372 0
1.830356567490056 1.362890385321643 0
0.3262683376525032 -1.746128913894756 0
0.3331453024009632 -1.647466472245663 0
2.212175597243808 0.6890691219158658 0
2.204981775178444 0.5901093150574863 0
2.21933624430438 0.7880451845560916 0
1.268222109938154 0.7081595625944939 0
0.2511056967681304 -1.59219459683412 0
0.3399903355935613 -1.54885081090675 0
0.2580304162377269 -1.493616901009854 0
0.3468079390149427 -1.45030348170687 0
0.2649827749576673 -1.395119358562367 0
0.3536388327926426 -1.351853036343354 0
0.271912826543787 -1.296724701138918 0
0.3604540095002365 -1.253501608605688 0
0.2788175448064587 -1.198429670959477 0
0.3672669762118819 -1.155250388684532 0
0.2856562085142159 -1.100259649364827 0
0.3741022461424001 -1.05707661693922 0
0.1972467136335582 -1.14337028267521 0
0.204095055689132 -1.045273874118231 0
0.1157425820999266 -1.088330742853386 0
0.1659949486730781 2.074571965771444 0
0.1730563936166869 2.173437349344869 0
0.08384417077358716 2.130085903166825 0
0.09093843087160289 2.229022412663967 0
0.00169283055653872 2.185653222676718 0
0.008794319522891064 2.284632331249661 0
-0.08043931901976431 2.241279861579746 0
0.09803014413927941 2.32787669398205 0
0.6940320881728865 2.2355053348698 0
0.7761793842502183 2.179840926735114 0
0.7691026755133648 2.080848613060963 0
0.8583252448843141 2.124158579569867 0
0.8512590120415408 2.025185801477857 0
0.9404676622492238 2.068482725753797 0
0.9333970440359475 1.969527905845131 0
1.022381838681239 2.012508525819861 0
1.015459497013797 1.913826327846531 0
1.104575016522546 1.956986686887519 0
1.097564358463081 1.858209869751536 0
1.186578236008619 1.901181770492528 0
1.179644029494108 1.802527204292325 0
1.268866017152555 1.845804345980108 0
1.261768027906649 1.746930530902339 0
1.351007285600873 1.790219138570322 0
1.343852578479732 1.69129904107984 0
1.433124841909863 1.734572286242503 0
1.274277781138777 1.945259608548702 0
-0.07337299057538327 2.340273025193168 0
-0.1626434301646045 2.29689504252432 0
1.741548474404888 1.317926035100483 0
0.4556744658397051 -1.112064097428801 0
0.4625329837246371 -1.013934853516428 0
0.2855969320862135 -2.339342975693618 0
0.3748095333502069 -2.295798464120279 0
0.1963461197403953 -2.382877926597934 0
1.028537375083032 2.11142464028585 0
1.919661225441055 1.406206289071447 0
-0.1697086750174205 2.197911474382712 0
-0.2519050028939279 2.253509832953361 0
-0.2589607941826483 2.154536719830833 0
-0.3411540295117841 2.210131869492075 0
-0.3341640290337575 2.309107596901011 0
-0.4233753954448794 2.265715073182266 0
-0.4303827104396043 2.166749161682174 0
-0.5126060110080638 2.222302383342481 0
-0.5196212045202044 2.123348886887995 0
-0.601833388847989 2.178889763651345 0
-0.6089818955219015 2.080178342647155 0
-0.6910660933344706 2.1355322907178 0
-0.6982202914986869 2.036838661539169 0
-0.7802639100251811 2.092132321735523 0
-0.7874323739316336 1.993480336182987 0
-0.8694507196112466 2.048729993249593 0
-0.8766259180246914 1.950104234146314 0
-0.9586432944261027 2.00536240339274 0
-0.9658238731284448 1.906749475021022 0
-1.047819619077515 1.961965540960402 0
-1.055009786182601 1.863373339364806 0
-1.137009629037564 1.918598126130853 0
-1.144207768422083 1.820018409822439 0
-1.22619422912679 1.875207562711595 0
-1.233400122054929 1.776634723652978 0
-1.315378306920643 1.831792001160583 0
-1.322613576585211 1.73326390026731 0
-1.404593199894448 1.78841246508914 0
-1.411832432774672 1.689867673400204 0
-1.493818262370681 1.74500243268401 0
-1.501078258625529 1.646485260218311 0
-1.583128055071831 1.701729462561154 0
-1.590340105923308 1.603091295171133 0
-1.041288202608694 2.060739574385744 0
-1.672407231665602 1.658345100414977 0
-1.679626332699241 1.559695976243264 0
-0.7736908261562809 2.190958404559245 0
-1.309218794629996 1.9303495018325 0
-1.761704768544545 1.614944548958312 0
-1.768921524835088 1.516262596359861 0
0.3817150216220009 -2.196775923425832 0
2.115545648863469 0.5472603391438698 0
2.19790609151335 0.4911977465828088 0
2.287126192154202 0.5344026364183043 0
2.279882475339924 0.4354015081866474 0
2.190735467412434 0.392170150501967 0
2.272678950828369 0.3364288011976327 0
2.183557663249434 0.2931929571035229 0
2.265456981643233 0.2374702046239991 0
2.17634769878502 0.1942415026706136 0
2.258205565938797 0.1385309906864268 0
2.169158346430325 0.09530517394763131 0
2.250949079237131 0.03960356547769923 0
2.161938207139486 -0.003617160414384263 0
2.243737267579983 -0.05931277068827216 0
2.154755528998905 -0.1025348185335839 0
2.236487945041106 -0.1582236592964148 0
2.147534840639388 -0.2014470457678447 0
2.229272768308045 -0.2571359108538927 0
2.140352073610504 -0.3003619882672507 0
2.222033376603735 -0.3560479708763984 0
2.133129773947667 -0.3992770455196253 0
2.214765950693022 -0.4549627467510536 0
2.125602525704943 -0.4981764009559405 0
2.207607080492604 -0.5538910676126716 0
2.11868628002011 -0.5971303346703448 0
2.20031633835238 -0.6528273736220576 0
2.111287979338799 -0.6960610121548175 0
2.193005244475188 -0.7517752089419015 0
2.10423210206821 -0.7950386017424886 0
2.185944794905966 -0.8507548246346628 0
2.097177284881589 -0.8940318789924664 0
2.303880536785193 -0.4123991594434644 0
2.32571529656724 -0.115433362794783 0
2.178619533705967 -0.9497423302364536 0
2.089656093008168 -0.9930083223064214 0
2.347516119753179 0.1815603006834356 0
2.171536217812311 -1.048765883675758 0
2.082696280803905 -1.092056707328899 0
0.5440655729273514 -1.068887547713508 0
0.5508533448470221 -0.9707752139110959 0
0.1226031748875969 -0.9902794163316977 0
0.03427702391224257 -1.033330584213421 0
-0.505729296085189 2.321296993817875 0
1.837476715176744 1.461909192465137 0
0.4693815758129037 -0.9158610586977607 0
0.557665593174734 -0.8727029888464712 0
0.6391568890280587 -0.9276135512146693 0
0.645957397078544 -0.8295442534729972 0
2.015524874564907 -0.8355149850489705 0
0.7273721487132384 -0.8844514155251246 0
0.7342036023267541 -0.7864047661424263 0
-1.851024914284033 1.571516002535431 0
-1.858044841868124 1.472446378562992 0
-1.774549553319969 1.417909406298905 0
-1.864828246813059 1.373501938607807 0
-1.947277053903533 1.428942408416788 0
-1.954269624675595 1.329872587896072 0
-1.870371347723922 1.274633140509968 0
-1.961019436033756 1.230826847597202 0
-2.043258261672785 1.286282240204984 0
-2.050129529019777 1.187252577934368 0
-1.96816492340998 1.131702502422285 0
-2.057152440636006 1.088193295635151 0
-1.975177374324852 1.0326698427243 0
-2.064329555267699 0.9891699055461957 0
-1.982228670723763 0.9336385114270001 0
-2.071149908337389 0.8901568029233984 0
-1.989157206002399 0.8346666953088639 0
-2.078346813053204 0.791190540100975 0
-2.159883794239025 0.8473664186818681 0
-2.167235269982973 0.7477925376629587 0
-2.085347783367545 0.6921822895087695 0
-2.174296466402983 0.6486988439698479 0
-2.092294820008734 0.5931905611587016 0
-2.181332264059271 0.5497018352039218 0
-2.099239921255798 0.494218438896849 0
-2.188211164506018 0.4507341632301694 0
-2.106182460754783 0.3952627486099914 0
-2.195182037005604 0.3517876706561837 0
-2.113122521113265 0.2963652794860156 0
-2.202173978076629 0.2528564441503736 0
-2.120069567393637 0.1974413442373762 0
-2.209080482208144 0.1539320544536356 0
-2.127013036427316 0.09853653888046469 0
-2.216049892724468 0.05501205273782608 0
-2.133952953317887 -0.000386122834061766 0
-2.222997271971476 -0.04392117647395243 0
-2.140901118851911 -0.09929169443923593 0
-2.229947587371945 -0.1428451695704143 0
-2.147834522493237 -0.1982257355817946 0
-2.236923925771602 -0.2417860628593915 0
-2.155928188782447 -0.297182917172522 0
-2.244042504115573 -0.340747772924652 0
-2.163080195517503 -0.3961527282435103 0
-2.251083992497723 -0.4397220007471158 0
-2.168577172913488 -0.4952386437530482 0
-2.25782306139841 -0.5387312160462276 0
-2.175274694939817 -0.5942657141097643 0
-2.29814751603741 0.1111042628479566 0
-2.264695915340121 -0.6377533828638458 0
-2.182214822398253 -0.6932956516612869 0
-2.319121979782934 -0.185914794521766 0
-2.277133419990135 0.4081096649894566 0
-2.271643809650489 -0.736794667237975 0
-2.189145252776866 -0.7923508777832581 0
-2.256106721822091 0.7052568627631639 0
-2.340124200926371 -0.4830432945636978 0
2.282037080056797 -0.7094478422060257 0
2.164368859161429 -1.147796129642519 0
2.07499437216706 -1.191057725273862 0
1.993421589027737 -1.133188110405317 0
1.985326736446362 -1.23334861420453 0
0.7833417510731139 2.278846673219546 0
-1.576129209206109 1.800280254755503 0
0.4277915562151193 -1.5060043966332 0
-2.278594662335847 -0.8358687250534703 0
-2.196254415673812 -0.891405187860363 0
-2.107031845959304 -0.8478686930904973 0
-2.112528742604261 -0.9447054060752222 0
-2.202968386787238 -0.9900985370113418 0
-2.120592669891716 -1.045561592305835 0
-2.028462751398827 -0.9974196727614053 0
-2.036629375799357 -1.098455444633657 0
0.6527420157394783 -0.7315213952724151 0
0.7409597571065338 -0.6883968165869176 0
-2.12742018299504 -1.14449208331156 0
-2.045041242289613 -1.199974897135752 0
-1.954482206619141 -1.154258745775473 0
-1.962713552176678 -1.255501695534093 0
-1.873583160929681 -1.211935978493421 0
-1.880690598294487 -1.311476376429716 0
-1.790878363649905 -1.266802137813393 0
-1.796990298102113 -1.364881973989048 0
-1.887304290392606 -1.410257579784838 0
-1.804941980331474 -1.465618221757012 0
-1.714482411828854 -1.42013089165635 0
-1.722588228730462 -1.520995522658306 0
-1.633416980108778 -1.477432634905791 0
-1.640547644801666 -1.576837569633053 0
-1.551379106394338 -1.533232016886652 0
-1.558250417219848 -1.632265833196757 0
-1.469131075137129 -1.588719420647871 0
-1.475950324215463 -1.687667637829311 0
-1.38643142917706 -1.643526262279891 0
-1.393563862044824 -1.742923958293688 0
-1.304067302674671 -1.698808639770163 0
-1.311280735498539 -1.798320500592388 0
-1.220995986076466 -1.753037896433744 0
-1.228853510545266 -1.853499081762075 0
-1.13856285110563 -1.808207247731834 0
-1.146526890282493 -1.908826844295101 0
-1.055877247290724 -1.863003903929983 0
-1.064219558453491 -1.964189799216758 0
-0.9735194235346376 -1.91829848959676 0
-0.9819181142176669 -2.01957892449732 0
-0.892793538848609 -1.976001320702683 0
-0.8999725814283399 -2.075516378147748 0
-1.317818878493286 -1.897694341700774 0
-0.9891027778566213 -2.11905278517241 0
-0.9067237353265434 -2.174446003131286 0
-0.8176191534635644 -2.130964440916195 0
-0.8243531179138518 -2.229894276003153 0
-0.7352240693613948 -2.186414322507643 0
-1.56487742323784 -1.731516712310949 0
-0.7420578737824084 -2.285490166330805 0
-0.653764248055832 -2.241823517944514 0
-0.6598299800202295 -2.340978144590652 0
-1.812026593447618 -1.565081486036328 0
-0.5709978488876406 -2.29317953602697 0
0.4640168482649344 -2.252252481570474 0
0.457133233959074 -2.351284928729896 0
0.4708809540572421 -2.153246911737268 0
2.067630600606168 -1.289945180924492 0
1.978190762804304 -1.333138768292903 0
1.895774842458835 -1.276734304371413 0
1.888761986872843 -1.376363750708953 0
1.806657763237185 -1.320579938613342 0
1.799444728655599 -1.419714673933392 0
1.881523176278216 -1.475504689877211 0
1.792142253408776 -1.518717393867858 0
1.710052756050339 -1.462916480260798 0
1.702741469432853 -1.561906739090162 0
1.784843719515282 -1.617745646984386 0
1.695410155500328 -1.660930027221902 0
-2.138856028718566 1.145348216336557 0
2.369259026346281 0.4786478103965184 0
-0.9951919549894085 -2.218562562058835 0
-0.5766177485689015 -2.394677822349171 0
-1.047239525301647 -1.759598926791935 0
-1.378659337752046 -1.541267488958217 0
-2.051711971651659 -0.05570846933072938 0
-2.023997969362346 0.3397831611751577 0
-0.1326072654131992 -2.160866478730973 0
-0.13952775077137 -2.26024235312204 0
-0.6471168750170306 -2.142751562733107 0
-1.059681375591915 1.765525543560003 0
1.926827392697467 1.505258303737842 0
1.84460001212476 1.560977170048501 0
2.009079851528978 1.449506207480147 0
2.058449341443811 -0.2425600316381684 0
-0.7032021260691929 1.938825911383855 0
1.254635965232487 1.648024951984481 0
1.336693594044162 1.592413104913154 0
2.087090612139812 0.1527739507310457 0
0.9262006195286179 1.870604250828672 0
-2.080287158114932 -0.4474196514222905 0
0.8154166028340526 -0.8413770876315618 0
0.04057012463888433 -0.9341417635231122 0
-0.04783084995777338 -0.9769643784292215 0
0.129297067932435 -0.8921185377652814 0
-0.05414465132478754 -1.076153928822129 0
-0.1355631457771094 -1.021086168665195 0
-0.1269806035467937 -0.9173990893823644 0
-0.2164962967109627 -0.9652053447251917 0
-0.2073276264198422 -0.8627510416004931 0
-0.2976248512579637 -0.9101862386198336 0
-2.13456155386598 -1.243985171314603 0
-1.416263434459396 1.592192975624189 0
1.620703728434916 -1.506069799936166 0
-2.360976498836476 -0.7803013230714901 0
1.777532311250825 -1.716801360067375 0
1.688075634878866 -1.759975630611324 0
0.5463652309106406 -2.307729264859056 0
0.5394929719094881 -2.40680310552185 0
-1.843948489303838 1.670538177732885 0
2.260449500464094 -1.006100983550446 0
-0.290754792146317 -0.8124012305241843 0
-0.3790614051765173 -0.8557216876650515 0
0.6594990743171723 -0.6335918751199456 0
0.747689902115064 -0.5904561608749174 0
2.036276821845145 -0.5413751107577687 0
0.1238471554962065 1.482639299995101 0
0.9121138732622869 -1.840072969728408 0
0.4151615573240833 -1.702737964969546 0
-1.235762989209606 -0.7954320208176628 0
-0.4019565313947011 1.322239656421156 0
0.5713444551585614 -0.6766540816281653 0
-0.905298694828009 -1.01005637005089 0
-2.010087926451855 0.5376921765469185 0
-1.543289529689917 -1.431757484443157 0
-2.03788251819101 0.1419231224037689 0
-1.212094909464352 -1.648818884740786 0
-0.5260596663780615 2.024621186481089 0
1.111536913994917 0.9174248741817498 0
1.353570063002345 -0.4852343939770918 0
-2.066437748801983 -0.2520598774273864 0
-0.8853746990813838 -1.87456454651097 0
-0.8814460972538087 1.852171228296797 0
-1.886015638517451 1.076135895717863 0
-1.865163762755774 -1.110842755172098 0
-1.594673414114292 1.505482418713637 0
-2.092330965941263 -0.648645623712231 0
-1.108607755208984 0.9691346419770985 0
2.060367127520647 -1.38911305822463 0
1.814288341198479 -1.219011090608864 0
-0.1556052337478666 2.39592072894449 0
-1.360942463351097 -0.1939463203897388 0
1.727433125036338 1.120279743887698 0
0.4414823723146098 -1.308228716007648 0
1.598836154489375 -0.6515826952252302 0
0.8291732314618792 -0.645258911637673 0
0.8358846045434309 -0.5472967855759108 0
0.7544325965528229 -0.492522488925533 0
0.8425878692449231 -0.4493716057415177 0
0.7611760900146757 -0.3946134681951726 0
0.8493002444816218 -0.3514740565881409 0
0.9307290714759676 -0.4062167044687029 0
0.9374315814089419 -0.3083016904893451 0
0.8559596387385892 -0.253558788325675 0
0.9440913334917873 -0.2103934432801363 0
0.8587125775399165 -0.1536868870930816 0
0.9500960536045712 -0.1121798480414294 0
0.864970051272665 -0.054903227930123 0
0.9565535460475346 -0.01410240775747263 0
0.8756275422976127 0.04084984023452579 0
0.9637972064552714 0.08345072796798082 0
0.8825823641404479 0.138061996097725 0
0.9706565271643637 0.181165422408474 0
0.8892825496326329 0.2358726153275768 0
0.9780814071294794 0.2799268551159315 0
0.8960698993656695 0.3339200363299144 0
0.9836983984557603 0.3790518704722899 0
0.9020709045598212 0.4320135812803987 0
0.8170797590550517 0.3937734922282887 0
0.8214133653118115 0.486977395085826 0
0.9096828750869885 0.5296089920880271 0
0.828960705005647 0.5848687635806709 0
0.7406438685065927 0.5424948222643429 0
0.7468930808857472 0.6409435253312425 0
0.6557366747993146 0.5924275496945459 0
0.664426945014593 0.6950656544180935 0
0.5735337110605061 0.6462231524540116 0
0.5823722600174062 0.7479408397249869 0
0.4934971045103907 0.7028929706260395 0
0.5017777139218872 0.8030732354746046 0
0.4124224211769478 0.7579651834059069 0
0.4210347739742971 0.8600874188274267 0
0.3326596064708581 0.8153406208386262 0
0.3397885848141277 0.9145061209539447 0
0.2515027549686281 0.8704095932266803 0
0.2584399695893168 0.968802654066407 0
0.1694911964548677 0.9242004160818993 0
0.1768735804672197 1.023302382407532 0
0.08792944260691495 0.9788486979788474 0
0.09435310377272769 1.076523970853224 0
0.005604845554713423 1.034528246892524 0
-0.0007635722854469439 0.9360860206682849 0
-0.08272586260526067 0.9915336740159232 0
-0.08902243225946152 0.8929623405121632 0
-0.1709655813664487 0.9484885858835274 0
-1.660145139588244 -0.7162447518786571 0
2.101418730394191 0.3505050591152197 0
-1.542008640985098 0.9577559983024663 0
0.7619158034265928 1.981898303970828 0
0.2786990674370073 -2.438422647201025 0
0.1893854932112007 -2.481982693439733 0
1.867001394413118 -1.673600702646171 0
2.301505371463152 0.7323589124628829 0
2.308676838887649 0.8314082983774893 0
2.390906980845124 0.7756533180893153 0
0.108832124177485 -1.186435603663925 0
-0.830872039044924 -2.328984558926269 0
0.7198869168683248 -0.9828719517593525 0
1.725294215156033 -1.262447692582376 0
-1.237942126944655 1.678871027666809 0
-1.565794624815397 0.6606720533336854 0
0.7010937667133622 2.334556249378946 0
0.7904937478293332 2.377929227303517 0
0.7081559413450854 2.433672342178951 0
-0.4400832632844177 -1.646544357225076 0
-0.066251476257568 2.439315474873756 0
1.683998493368188 0.5299558297173442 0
-1.093623181604722 -1.201524545932005 0
-1.153127953997915 -2.008320506836333 0
-1.595517773656371 0.2661189015143943 0
-0.5581369418023796 1.531389175215265 0
2.072766745354992 -0.04490243878579049 0
-0.7673667928845145 -1.425686985708703 0
1.052290949125393 1.266965823000378 0
1.627219247616308 -0.2575722275815082 0
1.090431018218846 1.759320532989525 0
1.655484506891471 0.1363011820780064 0
1.44028348991711 1.833546831174746 0
-0.9130626663092172 1.358889941118259 0
0.7253254284665369 1.488486771253278 0
-1.61994089977909 -0.1262627400291485 0
1.378326791164485 1.04669239216 0
1.605991996269625 -1.704038307122948 0
1.598622182353863 -1.803132091042485 0
-0.1768212776244889 0.8490950015914254 0
-0.2590074327328213 0.905163196291052 0
-0.2648929768106361 0.8058910263438746 0
-0.3461974725765084 0.8601569182066888 0
-0.35374049015654 0.7642749465192181 0
-0.4341799455405187 0.8197458804183417 0
-0.4418969272721813 0.721787633295604 0
-0.5222532741330332 0.7737022468382658 0
-0.5290268882448116 0.6763016283035759 0
-0.610331653761229 0.7305547184602894 0
-0.6169267090724522 0.6326905551706836 0
-0.6983710711141787 0.6872698361105268 0
-0.7049477538987159 0.5893464188294403 0
-0.7864829944676848 0.6440367891694958 0
-0.7930750866190798 0.546048100387185 0
-0.8746463610806997 0.6007448551313739 0
-0.8812124829684203 0.5027444710587512 0
-0.7996509747893585 0.4480656210880685 0
-0.8874852842014049 0.4051923957753109 0
-0.8061891133672341 0.350212258011516 0
-0.8941162847761313 0.3082413560090146 0
2.149832667308065 -1.345890705232007 0
-1.933319311010786 1.627083194721864 0
-0.1485474748292745 2.495013100486144 0
1.680728663482336 -1.859036108803442 0
1.591244277064633 -1.902216778785769 0
-0.3724399560791712 -0.7583378326710616 0
-0.4607157976267004 -0.8004431089578411 0
-0.454281946525519 -0.7041274256977703 0
-0.5424215017856626 -0.745995955518414 0
-0.5357273363492943 -0.6494236506244058 0
-0.623446805727279 -0.6917949855898207 0
-0.6143382218492865 -0.5907409804630229 0
-0.7043230525824764 -0.6363777885178191 0
-0.6951118545764982 -0.5351120548790658 0
-0.7854764548172097 -0.5812682442046158 0
-0.7785524339381249 -0.4833183313667527 0
-0.8672650167756424 -0.5270312161575483 0
-0.8603214126672176 -0.4289913637601348 0
-0.9486926313275534 -0.4721143903681949 0
-0.9417653900262901 -0.3741497079953712 0
-0.8534860470155524 -0.3311545775805846 0
-0.9348367956850784 -0.2762317955998836 0
-0.846592983126802 -0.2332419552480851 0
-0.9278997176769205 -0.1783266871280443 0
-0.8396815477099019 -0.135347375673835 0
-0.9209595982205006 -0.08044869444262992 0
1.755405296655483 1.517849832788958 0
1.762382514032572 1.616727188892153 0
1.851754009563335 1.660065762229268 0
1.769464790153571 1.715805535501242 0
-0.8327319156528248 -0.03753318240867718 0
-2.217009493236502 -1.188510559018572 0
0.6288270899028807 -2.363179423392659 0
-2.367938260078288 -0.8794303547549422 0
2.398096012432386 0.8747494427050144 0
2.315822126751036 0.9305266759406964 0
-0.05910644348044809 2.538433606926496 0
0.6218909638170853 -2.4623442506036 0
0.5325963458735808 -2.505947304518444 0
-0.6664601827643277 -2.439833660551417 0
-0.5839612508082825 -2.495300251031301 0
-0.4938950932887098 -2.450508178470705 0
-0.603607142070526 0.8314593165919449 0
-0.3400991997661681 0.9646731168343614 0
-0.9693569625148386 0.4594192254578866 0
-0.8680491602091298 0.698790217497899 0
0.3473705700817117 1.015520699826726 0
2.016233630473055 1.548587527432143 0
0.5903723776889743 0.8507701788243184 0
-1.926269195867607 1.726223329976338 0
-0.1644642494282982 1.050311048900001 0
0.1842888920901816 1.12644070289588 0
0.8359190871601861 0.6854686572581867 0
0.01264427956198454 1.138303887346313 0
0.3124440937261848 0.7036078951239573 0
0.6518818506393537 0.4941135481166862 0
0.04804177512025697 -0.8374212614184569 0
0.1361818003441644 -0.7944296509255702 0
-1.023141753674987 -0.3191654443048623 0
-1.009251613352671 -0.123381807105083 0
-1.00230337509737 -0.02543053467960264 0
-0.2217861200034494 -2.204405317145588 0
-0.6299513826727192 -0.7885488183672031 0
1.060224662621533 0.2262169977136946 0
-0.3857920347630197 -0.9524910943074537 0
2.142570426307054 -1.4450393997019 0
1.038869233268316 -0.06934736050993899 0
-0.1424535614541536 -1.119373073376309 0
1.859694533939346 -1.772695496399707 0
1.01893797988265 -0.3630567031245873 0
-0.9562878999899058 0.6554663141992257 0
1.516528843217155 -1.747258184057982 0
0.2717835853865636 -2.537527446217013 0
0.1762599551289653 -1.43835601079326 0
1.012217313477757 -0.4610512690295357 0
2.098492882858797 1.492839666319339 0
-0.7931883685273253 -0.6786947771555921 0
0.4082957369755609 -1.801425004742381 0
0.4972118607375945 -1.758022757573559 0
-0.9556054656442945 -0.5701331389333777 0
-1.037084764871844 -0.5151545959954683 0
-0.1767957786888669 2.098965921843231 0
0.5019992076115845 1.950611477682441 0
0.9552947802275089 -1.248000690314113 0
0.866460804617421 -1.290917864292697 0
1.858898873926471 1.759192568642225 0
1.776564148765806 1.814954047283153 0
2.405274068148981 0.9738889711380085 0
2.322973153342712 1.029676912939726 0
0.1644608514406459 0.8353612086153476 0
-2.22396337769372 -1.287742612200967 0
0.1824528838044617 -2.58114368018935 0
0.1000280174863268 -2.525541440575792 0
2.480362339534133 0.818955783909939 0
0.6356850843034252 -2.263968068434826 0
-1.742106217702885 -0.6608901033535239 0
-1.74904139281559 -0.7595994268077026 0
-1.900027084384364 0.8781202983031787 0
0.711364607057581 -2.418623576440908 0
-2.450334169639534 -0.8238281846601374 0
-0.7181831623962425 0.3934108416168152 0
0.5781432432702172 -0.5787753995018681 0
-0.7515073254564556 -0.09240448766245918 0
1.247547683143908 1.549154175672114 0
1.329558971958628 1.49355535044453 0
0.07697431453410171 2.031175327428911 0
0.4900338315216889 -0.6218491888040717 0
1.673393813241097 -1.958151840111768 0
1.583868303477531 -2.001334065319993 0
0.7962764056537671 0.09754611549338894 0
1.501683376035473 -1.94540920484245 0
1.494307544729682 -2.044514210212541 0
-0.5014265862426384 -2.550868312497095 0
-0.4120816579437921 -2.507179641767177 0
1.418710859645559 1.536790671830932 0
1.411565762609292 1.437938518420917 0
0.7976056339726701 2.477084525546578 0
0.8799430882508801 2.421306733452689 0
0.7152863870470856 2.532853078766827 0
0.6258117480723133 2.489406947157789 0
1.949164985411457 -1.729478658637062 0
-0.6918186646787583 -0.4336924738588026 0
0.7745716478691129 -0.1988269913285011 0
0.6150100278588673 -2.561531790722656 0
-0.4190673910446027 -2.606664502108776 0
-0.3296907962706321 -2.562936116717292 0
2.232099753595013 -1.401738084874707 0
-0.09895082671110325 0.7952701448690396 0
-0.1414346797051398 2.594161332557904 0
-0.230864044753713 2.550713812112931 0
-2.015679215748364 1.682730144165445 0
1.481483493176482 -1.088682101517369 0
1.570464183463082 -1.045621692324176 0
1.424549685254343 0.498704453255934 0
0.03509078150155653 1.439526832481957 0
-0.2659890720305837 2.055627417005364 0
-1.906987020670001 0.77920655374826 0
0.07319104665254861 -1.678939158173447 0
0.8590889251186173 -1.389534500747949 0
0.7776341580692856 -1.334277374923196 0
0.7702290163229305 -1.432503808110596 0
-0.8038669803670535 -1.932402369210839 0
-0.7971203301960441 -1.830404154228942 0
-0.7149909796285427 -1.888742266021839 0
1.951166751714151 0.6590166823233861 0
0.2305237677252545 -1.888239428171126 0
-2.141533910807693 -1.343321303791271 0
2.091341600308302 1.393706489766625 0
2.180794717591584 1.43707024494639 0
2.173438895351107 1.337920723140057 0
1.623854764605448 0.8806599686835639 0
2.055072593407871 0.8993449395685846 0
0.2622068453425553 2.216695716462836 0
-2.443370649439019 -0.7246686559933055 0
-2.532761775315145 -0.768204490474702 0
-2.525790607658936 -0.668990116240719 0
-1.83686187125817 1.769681572888374 0
-1.735138292911454 -0.5621972902471551 0
2.473134756515351 0.7198684953879468 0
1.591709826646466 -0.7501082552072497 0
1.680649438167399 -0.7070029017205424 0
0.4903422936229981 -1.85674000944841 0
0.5792687347327127 -1.813318272311737 0
0.586182198514539 -1.714722434275358 0
1.673476364764068 -0.8055807222816624 0
-0.7247558365806623 0.2955884420867659 0
0.5724543094005101 -1.911923728830619 0
-0.4419181304910778 0.6201166764757275 0
0.09308294365588977 -2.624742652008672 0
0.01174175517212067 -2.569196896789629 0
-2.306426814081212 -1.232195508049182 0
-2.457302117539824 -0.923018582559906 0
-0.744466015262564 0.005080825344704261 0
-2.230893062722703 -1.386983936754969 0
-2.148416534308557 -1.442563489060966 0
-0.2030890749498629 -0.77058856988598 0
-0.05199040889783099 2.637613143760728 0
0.03035982668482499 2.581846013032578 0
1.866024104979193 1.858375103933761 0
1.783669980973971 1.914137441871195 0
1.948385711755647 1.802587684917611 0
1.576489649379252 -2.100470046669843 0
1.486922919219839 -2.143651811403017 0
1.404751893145693 -2.087674892728336 0
-0.6733770594565258 -2.539227511036203 0
0.5256621778116718 -2.605169280812689 0
2.187982645781388 1.536188370887978 0
2.413931583264719 1.07295599070825 0
-0.5283113941714274 -0.5510480531157677 0
0.05692605345879486 -0.73978582393129 0
0.142089490608816 -0.6934685572676891 0
0.2240610500061282 -0.7509247729463328 0
0.8870768828138025 2.520514985655088 0
0.9694202785006434 2.464717062254202 0
0.4814890761994771 0.598953951130282 0
0.6329389545938876 2.588627299434208 0
0.5434295935753601 2.545163770342435 0
-1.91921733252021 1.825410994381047 0
-1.829753710361085 1.868892041602084 0
-0.7081960723235199 -1.789885686904192 0
-0.6260416196767329 -1.84587655330842 0
-0.7904264025448653 -1.733579775838884 0
2.262631211495237 1.381442604937862 0
-0.949681992531747 0.7535768892227663 0
-0.8613937737218873 0.7969040759383594 0
-1.037996636903097 0.7102308127199466 0
-0.3695257997102895 -0.6639863328139888 0
0.1168038749839123 1.384228963298729 0
-1.8241052683613 -0.6054971127006061 0
-1.81709779087371 -0.5067752821959193 0
-1.090648849960214 -0.0683966837365845 0
-1.083699618710531 0.02962501681617621 0
-0.2281389082601992 -2.310394234505314 0
-1.630982658866549 0.914578516777254 0
-1.62402147867347 1.013274623493251 0
0.2657436537622599 -2.637530373462999 0
-1.043938830951519 -0.6131668611846235 0
-1.125472284159095 -0.5581134897152219 0
-0.3365423900872826 -2.662226483977497 0
-0.2237888431715358 2.649917473711018 0
-0.3132751102942416 2.606439371562021 0
-0.3105780389557065 -2.251966035513652 0
-0.3039735419158497 -2.149523191936312 0
1.762460290683297 -0.7624371483500345 0
1.755413326447322 -0.8608682098530109 0
1.769631110574164 -0.663825390998782 0
1.100723586902977 -0.4179809826994639 0
1.107231273861747 -0.3198267097643172 0
1.240429702712819 1.450358318724189 0
1.158470539821749 1.505903573902275 0
-0.24717607720011 -2.618517437284442 0
1.094306348638345 -0.5161996427826693 0
0.4967778151039322 -0.5241038068861246 0
0.7848991193162844 -1.235588106076275 0
0.3884497472615138 -2.09775606553858 0
-0.1838803460287708 2.000057807326622 0
-0.2727757243639913 1.956773858798258 0
-0.02565052617623554 1.790473174739729 0
-0.0570435957010892 -2.316401371921189 0
0.9622704258235778 2.36550903806291 0
1.050629314459441 2.408988824535225 0
2.562665510585675 0.7631379738747091 0
2.555409487685706 0.6640175859195259 0
-0.2695517334778461 0.7157024559080372 0
2.330447021570271 1.128696404107477 0
2.240803272922352 1.085227992681074 0
0.03748632325913268 2.68106058615551 0
0.1198441590898791 2.625272365126309 0
-0.8255319170303255 0.05976423674315252 0
1.499968264650953 1.481227168709322 0
1.493423852050506 1.382347286743172 0
1.404395666037768 1.339127164163221 0
1.486339407287661 1.283544691655083 0
0.6887628710514835 -1.377271033285794 0
0.6817497049997121 -1.474868905082367 0
0.004309525101243547 -2.668383645884457 0
1.694700580082982 1.870018500314335 0
1.701565418063661 1.970054791829006 0
-0.306180199035392 2.70568651479934 0
-0.3956744345102964 2.662191382258565 0
-0.4027621112975805 2.562948936940268 0
-0.4851584195257765 2.618690037598719 0
1.941883688770744 -1.828649152532527 0
-0.6403046093028565 0.3390181907989893 0
2.224823548571131 -1.500950782239082 0
2.135304262384685 -1.544199733559777 0
1.680646715418185 1.67056627185873 0
0.6681869739754998 -1.769910116404302 0
1.398387279723363 -2.186896574847554 0
1.479702502059557 -2.242846292808173 0
-0.6660289124537588 -0.04937017415164156 0
-0.6707723806149397 -0.1471494116329927 0
1.790837817207453 2.013385467443912 0
1.708450537872074 2.069163215136088 0
1.619016787946454 2.025799124922401 0
1.626023322916621 2.124921086111989 0
1.536725540534529 2.081722910199649 0
1.543636245739195 2.180698488502751 0
1.45416873846229 2.137225471488356 0
1.461218473679926 2.236413919711762 0
1.371745420050934 2.192928758830932 0
1.378816806597206 2.292151063149896 0
1.289345791115765 2.248669889919138 0
1.296414869888056 2.34789442791944 0
2.494772620539582 1.017247437542534 0
2.217543728904618 -1.600175271325953 0
2.421411869142848 1.17211671988888 0
2.031379689734442 -1.785458854092812 0
0.2272663080340999 -0.6436201169079843 0
-0.5083944157875074 -2.650351316477773 0
-2.237804219143527 -1.486222857546229 0
-2.15529414586288 -1.541816082680254 0
0.6081297783015873 -2.660776368159976 0
0.6975278518630258 -2.617113798093511 0
-0.2414372558718453 -2.519194314513814 0
0.5505818760039404 2.644335088192139 0
0.4610977827566533 2.600843543156892 0
0.4539525445150797 2.50169471520181 0
0.3718828657144448 2.557222040225807 0
0.3646551919956994 2.458041163380136 0
0.3790150409006787 2.655955146818068 0
0.6400641388124605 2.687864399558465 0
0.02809868992948545 1.341149958279925 0
-2.615228639847441 -0.7125578413647196 0
-2.608246401146044 -0.6133074632827359 0
-0.3922868074116324 -2.19316282946327 0
-0.3852107217841005 -2.093639445080545 0
-0.9430665465866629 0.8517387531127844 0
-0.8566300116755234 0.8970564314180108 0
-1.817101559789365 0.8231549483967155 0
-1.824710457012886 0.7238642840920166 0
0.05815808022278946 -0.6409310400069725 0
1.28227666607497 2.149467509618206 0
-0.619229216399186 -1.747015411040702 0
-0.536160386522148 -1.799562714889319 0
-0.545241999636716 -1.899135860220628 0
1.851497348867662 -0.7192883832901674 0
-1.715891991518785 0.968450486772694 0
-1.707240598977097 1.068164052380307 0
-1.617071028771134 1.112028332031268 0
-1.699051834964368 1.16757590590168 0
-1.609987039675199 1.21086191833868 0
-1.732577463132207 0.7692947391872661 0
-1.741393299324204 0.6693235590622113 0
0.406660877030484 -0.5637836193284204 0
0.3997143064079576 -0.6617968536382164 0
1.563605263084039 -1.144866058619569 0
1.652717523338385 -1.101859616650962 0
1.189172145644079 -0.3745405661398048 0
1.195509878320678 -0.2764636739019741 0
-0.6438259378954407 0.2413022119035761 0
-0.02756001349060791 -0.6791911483912776 0
-0.7671158061150043 -0.2879503268411865 0
-0.6321356780583025 0.4366818154082692 0
0.6730745245663091 -0.4377435157973322 0
-1.831516611351862 0.6251599787273684 0
-1.749436676101509 0.5697981211750914 0
0.2055255199101656 1.427306224043226 0
0.1984695251233733 1.32894168044035 0
0.6798259209648448 -0.3399420107627202 0
0.591758768241746 -0.3830803164045141 0
0.5993408255427148 -0.2869459739390487 0
1.186564479341663 0.763495227125089 0
1.179473166941696 0.6651624147038442 0
1.097908061229995 0.7204243182438466 0
1.090098112349938 0.6204722389217475 0
1.172220448936451 0.5666225324927954 0
2.31421439519876 -1.457265520749744 0
2.321628011227793 -1.358328260247811 0
1.627746652881531 -1.40658621157217 0
1.538682247821756 -1.450170707865958 0
1.545994293243081 -1.351409708093702 0
1.456228262417203 -1.39338229489435 0
1.449384464692103 -1.493123922800321 0
1.366929864777306 -1.436254813334158 0
1.464869512052596 -1.290119361494046 0
-0.09102543504288108 -1.568444683589164 0
-0.08425127272656803 -1.470090846497011 0
-0.1660053298718197 -1.414757655044964 0
-0.0767701435422847 -1.37193858297452 0
-0.1583391459896591 -1.31626538239849 0
1.257888920403105 -0.6269468318863392 0
1.169168513541267 -0.6698337713708222 0
1.16202310995208 -0.7681681471355004 0
1.080493554308681 -0.7126517850961032 0
1.073335234138272 -0.8110735998980664 0
-1.838588711983483 0.5262922663992198 0
-1.756583758147106 0.4709189670247781 0
-1.845567701821484 0.4275264429527866 0
-1.76356627155163 0.3721512550444613 0
-0.002289660141937351 -1.525272870203175 0
-0.9953174463113432 0.07259884483078065 0
-1.07698541159139 0.1276882188423499 0
-1.165188323033753 0.08468154010348311 0
-1.16039818830842 0.182919732522274 0
-1.852497977960313 0.3288064450807999 0
-1.770505706105665 0.2734704910904127 0
-1.859426753092503 0.2301130487005339 0
-1.777438437497105 0.1747894635386518 0
0.4058838479383444 1.808805044573546 0
-2.065939964445046 -1.498143612175175 0
-2.072783469330057 -1.597382017676559 0
-2.162173000332948 -1.641069177697868 0
-2.079636973676722 -1.696644931638094 0
-1.990284155217008 -1.652951148055797 0
-1.997105508038923 -1.752206946978317 0
-1.907757868841234 -1.708520838323841 0
-1.914580548687539 -1.807757561880896 0
-1.825215218844626 -1.764086435086534 0
-1.832062627948378 -1.863300378996807 0
-2.000574570112826 -1.846443853506458 0
0.1124978748879144 2.526103791166244 0
0.2170863428965109 -2.085907357428189 0
-0.4922085081535255 2.519487988909727 0
-0.5746199507268218 2.575197189116168 0
-0.581667674708742 2.476011211048979 0
-0.6640708566301463 2.531708265890577 0
-0.6711504345586718 2.43248788055301 0
-0.7535490132836364 2.488185878921651 0
-0.7464701774170543 2.587440815773341 0
-0.8359419276201394 2.543927755503598 0
-0.8429936786348322 2.444682478391654 0
-0.9254026878960024 2.500410170761239 0
-0.9324614140191978 2.401168287043541 0
-1.014856710492668 2.456892013495148 0
-1.021900073104699 2.35767036510099 0
-1.104306305419506 2.413381415078895 0
-1.111357436740746 2.314162180290845 0
-1.193756112317145 2.369870840031721 0
-1.20080733784106 2.270650768555518 0
-1.28320620831661 2.326359820471415 0
-1.290243399955892 2.227144992761966 0
-1.372656098792777 2.282849083605526 0
-1.379678005955512 2.18363397084484 0
-1.46210895945386 2.239332094757968 0
-1.469137886593272 2.140109545598575 0
-1.551572534848222 2.195819446923066 0
-1.558594733612965 2.096575834432457 0
-1.641042685791659 2.152294787579819 0
-1.647118351890362 2.052969317225862 0
-1.186720795767414 2.469107828281394 0
-1.476155599052129 2.040891294683809 0
-1.207845836442726 2.171469209735219 0
-0.9395375841382124 2.30196435051657 0
-2.022690420491276 1.583579775784782 0
-2.104602315547932 1.63815971282707 0
-2.112043712937783 1.539845901360539 0
-2.193969462121017 1.594428657047769 0
-2.201508497269849 1.496198454719678 0
-2.374882832854288 -0.9785633630825203 0
-2.464261075450016 -1.022204796342359 0
-1.742741730222144 -1.819618484918768 0
-1.749528825578252 -1.918841591409492 0
-1.838916596587189 -1.962538147692912 0
-1.75637933405449 -2.01808542415166 0
-1.666990702993748 -1.974379577088763 0
-1.673835488591243 -2.073619562717842 0
-1.584473332524316 -2.029908865400047 0
-1.591299634823237 -2.129152794184039 0
-1.501937661585306 -2.085449536889338 0
-1.508765239900118 -2.184685176726768 0
-1.419403362340437 -2.140981786632273 0
-1.426231132804571 -2.24021720188888 0
-1.336871297817193 -2.196502101640784 0
-1.343695985986799 -2.295748593672299 0
-1.25449452160746 -2.252024213495154 0
-1.261182453181076 -2.35127924202839 0
-1.577629047814054 -1.930703634981554 0
-1.866324812781846 0.1314363308658157 0
-1.784361214795322 0.07611452994618929 0
-1.873243996340051 0.03276276463890345 0
-1.791284200158871 -0.02257636593364362 0
-2.518822537739495 -0.569784216616283 0
-2.601250069595434 -0.5140736368233232 0
-2.51183848600755 -0.4705538703749429 0
-2.594251084938811 -0.4148505554208546 0
-2.504835979353955 -0.3712972961932205 0
-2.587248333605674 -0.3156087723831309 0
-2.676695559594464 -0.3591734538343215 0
-2.669681852522515 -0.2599259710021785 0
-2.580236558471788 -0.2163724563096485 0
-2.662660500794619 -0.1606845684961841 0
-2.573209368854671 -0.1171493358230214 0
-2.65563065376123 -0.0614556289574521 0
-2.566198485098872 -0.01793260597315881 0
-2.648612192105796 0.03776415348600442 0
-2.559177835855067 0.08127058598182295 0
-2.641585646423499 0.1369836662954693 0
-2.55215600938557 0.1804939211600231 0
-2.634563987634263 0.2361981072775099 0
-2.545125342229148 0.2797080550779387 0
-2.627545496321982 0.3354197526042324 0
-2.538108837722459 0.3789498169085143 0
-2.620530682810222 0.4346428100204194 0
-2.531081160179836 0.4781540080053733 0
-2.613509046862094 0.5338690275537427 0
-2.524057217376877 0.5773852219086276 0
-2.609023147305828 0.6333655833446652 0
-2.517443608355445 0.6766483534613054 0
-2.602496477537759 0.7326602582039726 0
-2.510572183499916 0.7759313637136735 0
-2.593057566725378 0.8316805115321058 0
-2.502973439489098 0.8751654615822781 0
-2.731045689409654 0.09345685430481676 0
-2.420635891854094 0.8194043610574324 0
-2.413523790157214 0.9186625024054078 0
-2.495929485364039 0.974402501037514 0
-2.406453290669442 1.017905999582693 0
-2.488886342009523 1.073655725888981 0
-2.399392953600072 1.117166605780052 0
-2.324054333842763 0.9621403998657267 0
-2.441645732550966 0.5216456893625308 0
-2.462735229324639 0.2239973329529443 0
-2.483812233706691 -0.07361123152651211 0
-1.585174678039481 -0.8701552103639665 0
-1.592119368622245 -0.9688211674011189 0
-1.51010857342818 -1.024158642098728 0
-1.59877672456382 -1.067556684532774 0
-1.516946290853075 -1.122902705220552 0
-1.681400797863362 -1.014399340205169 0
-1.605654401193603 -1.166316325845671 0
-1.524994192190171 -1.224163024400868 0
-1.435118087265069 -1.178667903468027 0
-1.443075598912472 -1.279996879731106 0
-1.353121465604815 -1.234170952239176 0
-1.359888111212266 -1.332940648338539 0
-1.270835013449527 -1.289017843119747 0
-1.278991929527572 -1.38965862250005 0
-1.189028312835921 -1.344622225749284 0
-1.197185328717296 -1.445254771871391 0
1.043943589130448 2.30975931361917 0
0.5371399649799744 -1.16674538562785 0
0.7629523920586216 -1.530921365686554 0
1.780330732468971 0.6712193707622791 0
-0.7558687961609236 -2.483736593348273 0
-0.7627688700453111 -2.583001459400156 0
-0.8453093596664399 -2.527446032909845 0
-0.6802506490968109 -2.638572761505408 0
1.762910650190242 -1.914972016616211 0
1.755584741095115 -2.014133090699341 0
-1.044570262376378 0.6120406769552946 0
-1.118588935464242 -0.4600484267673286 0
-1.206968562189728 -0.5033890268639591 0
-1.201038241409613 -0.405863490418513 0
-1.107100749777672 -1.400036335045745 0
-1.114475466681898 -1.49953773437782 0
-1.024981671908748 -1.455196079126648 0
-1.032323800322984 -1.554653099056036 0
0.4014546332847517 -1.900076856442012 0
2.569877345266884 0.8623463987550019 0
0.1519923609344334 1.876998630080254 0
0.9173814382878733 -0.6021182209090618 0
1.461367727462945 0.9904496671731269 0
-0.962492752775123 -0.6682316525419463 0
-0.2970896731612848 -2.049849162549807 0
-0.06095207461695502 -1.174420623564115 0
-1.097564023604416 -0.1663587762141391 0
-1.178728458431696 -0.1114201613625453 0
1.845135899811753 -1.970932672347447 0
-1.880142002254509 -0.06591689782435767 0
-1.798200909398024 -0.1212548326846294 0
-1.88706599439735 -0.1645992624919543 0
-1.805117969390638 -0.2199381947554477 0
1.956391771207725 -1.630401962642808 0
-0.94295120513637 -1.510449796311677 0
-0.9506970152476379 -1.609078989756003 0
-0.8627094301673552 -1.571679192606654 0
0.9105713853704657 -0.7002129239551215 0
-1.893578341077284 -0.2625884255468665 0
1.955129940676309 1.901233178289898 0
-1.07775615373553 -2.163124235039708 0
-1.185927232108129 -0.2093741352510776 0
-1.17222814528348 -2.307397719478743 0
-1.178693138138782 -2.406794293146214 0
-1.089575910768002 -2.362915874401398 0
-1.096136173733108 -2.462329439275074 0
-1.905737341184389 -0.5508854268253454 0
-1.913061525730746 -0.6489892199928207 0
-1.330188912529154 -2.097281377283821 0
-2.546729313304593 -0.966603983929159 0
0.6254881155681906 -1.123805726299325 0
-2.745035152831531 -0.104989273856217 0
-1.125657412611205 0.6678848372676649 0
-1.132982801652075 0.5727802852493087 0
-1.119621736309856 0.7652121267132579 0
1.858341410396862 -0.6206225516478142 0
1.776729427600289 -0.5651434325108935 0
1.865594919015656 -0.5219423086097692 0
1.783842027264289 -0.4664884651832724 0
1.872555078517552 -0.4232528652037757 0
1.79096569459514 -0.3677700146625741 0
1.879680339089018 -0.3245737076964899 0
1.798067973596345 -0.2691393365828159 0
1.8867881705537 -0.2259138187781144 0
1.805193762313928 -0.1704398702907474 0
1.893938163251221 -0.1272526417501043 0
1.812304710709431 -0.07186017862546173 0
1.901055547928211 -0.0286082805736725 0
1.819428841381491 0.02675563451818405 0
1.908206085171477 0.07004071038074854 0
1.826543883616825 0.1254113283999284 0
1.915328556467851 0.1687060915593188 0
1.833668795538783 0.2240509695734079 0
1.922480826705956 0.2673780015053862 0
1.840780774095059 0.3227331059791287 0
1.929608783064735 0.3660734329155123 0
1.847905570177589 0.421404132078821 0
-1.052238543615787 -0.7108867449638649 0
-0.9680160308490782 -0.7639987674035483 0
-1.070719570068701 0.2258097498370292 0
-1.153890924402182 0.2810442680116427 0
-1.214327259616851 -0.600556103495691 0
1.936884280517799 0.4648099979667905 0
1.39742974642615 1.240636860439984 0
1.479284219022919 1.184940693079013 0
1.315455755062402 1.29625852152228 0
-1.007137723948344 -2.417892189110408 0
1.507468235992727 1.580060923507074 0
-1.013995324333804 -2.517068303484684 0
1.447038455966653 2.037949639073065 0
-1.91215736760269 1.924643514301886 0
-2.001648881952936 1.881129571984149 0
-1.822660661881113 1.96813818871214 0
-1.740254890953438 1.912370930498459 0
0.5999819678440886 -1.419769292146667 0
-0.3792941985589259 -1.994372704826135 0
-0.5675710945633166 2.674434397534876 0
1.467151139672603 2.333940962622735 0
-1.729673387667206 2.108711139390611 0
0.08626655051701627 -2.724001413891629 0
1.360880664701758 -1.536178623820408 0
1.568292308583728 1.227936330616413 0
1.559943634873554 1.12966070505833 0
-2.687473317467332 -0.5578514433332822 0
1.580225752864607 1.426801268539568 0
-2.320313329273424 -1.430625833635504 0
1.522442659323132 1.777859881408268 0
0.5956511532395273 -1.517894298593449 0
2.03551296340085 1.84546099736278 0
2.030340466797987 1.746696565754941 0
1.390510304502847 -2.286042386768089 0
2.65173679777269 0.8065478668246838 0
-1.811035986303854 -0.3182203947188751 0
-1.897759319865393 -0.3579659159362923 0
0.4183398316406823 -0.4704867328514064 0
1.200751588484145 2.203025588457381 0
-0.6605449822977665 0.04777700932649478 0
1.0586043611036 2.507929807705399 0
1.138822044852156 2.452530168289178 0
1.316841962110697 -2.129894660431264 0
1.322613706024179 -2.031700106915834 0
-1.007425116752646 2.555315681611648 0
2.402801801411709 -1.4137904838337 0
2.410162633748802 -1.314873370340042 0
2.328690381395252 -1.259141595519835 0
2.418469484686237 -1.215764279479103 0
-0.2540567444004143 -2.717675151551416 0
-0.3433178701976077 -2.761150951214197 0
0.1265844352439728 2.723908209816634 0
-2.708878715810012 0.391031001544867 0
-2.096302650142069 1.737096859700641 0
-2.622205695211298 -0.8118112623476395 0
1.473191631932305 -2.340680967198004 0
-1.183445058834278 -2.503064181025287 0
-1.614126052075112 -1.268145216947385 0
-0.3989151271979804 -2.297504925764652 0
-0.04600146681636032 2.735147021402111 0
-1.432407611883762 -2.338495300076936 0
-2.480462034938864 1.172829125042387 0
-2.392112934936728 1.216433563497676 0
-1.251220735723694 0.141330778285259 0
-2.583769291659284 1.132231986656056 0
-1.296990956758694 -0.5455354599046096 0
-0.5857414846927733 -0.1015471474704249 0
1.835565761490363 -2.065463376250062 0
1.74708614426875 -2.11099934062089 0
-1.597304580142986 -2.227179554096132 0
-0.5555000412487603 0.2842135067019705 0
-0.4687291534657105 -2.043088299964638 0
-1.207775102980557 0.7222807644233689 0
1.081214171624343 0.5218366781956516 0
1.163566253914502 0.4683131899126637 0
1.0079951239206 0.6740700645779276 0
1.015025466964505 0.7750627598298069 0
-2.283974305321103 1.551915369643551 0
-2.291123095494843 1.452875228892386 0
-2.208647503769924 1.397156763612951 0
0.5175274692103802 -2.702024405220398 0
1.527527935378322 1.878808952815508 0
-0.3633334712066716 -1.799946972176113 0
1.194310103166462 2.103871892108843 0
0.2871611886303893 1.371978875312204 0
0.2800604021457601 1.273672695312358 0
1.253807807499481 0.5116084696653797 0
1.246363395758137 0.413281271332276 0
1.156549556475631 0.3704381309950394 0
1.239277897641255 0.3151372004540998 0
-0.1075559867324729 1.845895277360812 0
-0.1967385342987765 1.802623606104916 0
-0.2477929914158792 -1.359316559171525 0
-0.2405225100820811 -1.260957660734168 0
-0.0535707261062727 1.396368771629063 0
-0.06054158837367761 1.298066987491901 0
1.154812290201512 -0.8665163825368496 0
1.066114306949481 -0.9093433958868122 0
1.961465537940306 -0.3823148133262527 0
-0.355094176752938 2.012298229276834 0
-0.3608166607367633 1.913104182851551 0
-0.09458172176007965 2.043361663135147 0
1.442145212599609 -1.592113134788525 0
1.353451929401577 -1.635448175502521 0
-1.693302905553833 1.265343423321664 0
-1.602974541694942 1.309244779238808 0
-1.520826167246866 1.254266453412191 0
-1.513646945411971 1.352674432191062 0
-1.431779118912636 1.297470252841645 0
-1.42454220293498 1.396008656792696 0
-1.342655520804521 1.340855295621224 0
-1.335467694537471 1.43931681620292 0
-1.25362617896656 1.384246950507109 0
-1.246448718961402 1.482645053083215 0
-1.16461912736719 1.427545315101322 0
-1.157443601412462 1.525925590270509 0
-1.075630804337018 1.470829593779793 0
-1.068468365142819 1.56921904118072 0
-0.9866564874186732 1.514104320225274 0
-0.9794963884959942 1.612485076487071 0
-0.8976923547386625 1.557371759252092 0
-0.8905434878656038 1.655766691543488 0
-0.8087851703800164 1.600595548079605 0
-0.8015948273733542 1.699023650986931 0
-0.7197774262636147 1.643893130790131 0
-0.7126367622258336 1.742308844079063 0
-0.6308904076132792 1.687120195605474 0
-0.6236849673240696 1.785574010584492 0
-0.5419647386512283 1.730378596734376 0
-0.5348231483337567 1.82910085782554 0
-0.4531874109980094 1.773128504332587 0
-1.260651827901543 1.28552003363217 0
-0.7218414925927614 -1.988353061288649 0
-1.735866113725109 -1.720421689623461 0
1.151261591916543 1.40739654440831 0
1.069330488185859 1.462937564198616 0
1.076518392833972 1.561431635872158 0
0.9876093906813947 1.518387518955147 0
0.9946243070686259 1.616903995515471 0
0.9057333472746254 1.5738554818884 0
0.9127223985434639 1.672378294526339 0
0.823651364139147 1.629322037134325 0
0.8307701292620675 1.727839933122021 0
0.7416949059716156 1.684793494559211 0
0.7488370848199988 1.783322950814351 0
0.6599051712899472 1.740243880478987 0
0.6669310180287065 1.838791732961198 0
0.5779826544344668 1.795721526808702 0
0.4468532887581818 2.4025188728288 0
0.476154751539174 -0.8178348706491556 0
0.3877915774770655 -0.8609599337878553 0
-0.409803476342011 2.463748776155081 0
1.940604246420111 -0.6761985679103473 0
0.6875094491629024 -2.716180087258907 0
-1.365084795358806 2.380985633456543 0
0.954899701469835 2.266443116007494 0
-1.446071304917151 1.099611793252013 0
2.376456637680584 0.5776582683014975 0
2.458656578252458 0.5219211327207246 0
2.451442965210076 0.4228297611659723 0
2.540885293431903 0.466086482342897 0
2.53366929765467 0.3669631678428629 0
2.62317357675277 0.4102798189788772 0
2.615939107041331 0.3110899243521303 0
2.526431573367318 0.2678082975772373 0
2.6086819938927 0.211882583525704 0
2.698240226843011 0.2552108225115174 0
2.69097006727693 0.1559804517292897 0
2.601404983572635 0.112661033912798 0
2.683689387237841 0.05675273798383546 0
2.594126322114225 0.01345669405734227 0
2.676403456723166 -0.04246432304133066 0
2.586842328988151 -0.08574037496592173 0
2.669120232848797 -0.1416734490344162 0
2.579560982817647 -0.1849561276372659 0
2.661831534628024 -0.2408871186124358 0
2.572270212006269 -0.284162360590546 0
2.654548924011028 -0.3400918480990938 0
2.564991571197296 -0.3833935251548728 0
2.647274212104838 -0.4393068695015796 0
2.557703266948784 -0.4825868965094984 0
2.639995011799893 -0.5385223198706415 0
2.550418321703023 -0.5818076989744014 0
2.632710993955934 -0.637750420008846 0
2.543133114039719 -0.6810597493624908 0
2.751414613577596 -0.1975919927397253 0
2.468146764565028 -0.5258450695712017 0
2.490019459805618 -0.2282441002404538 0
2.511873255058219 0.06935112567479292 0
2.630393458817534 0.5093807029438356 0
2.624763096805293 -0.7369398489966374 0
2.535728232521847 -0.7802724356863792 0
2.617350055821093 -0.8361721249442031 0
2.528403152799544 -0.8795220729656203 0
2.446260535437809 -0.8236142447108613 0
2.439091749824665 -0.9226249555737108 0
2.521252623674972 -0.9787315847102441 0
2.431745032752496 -1.020892564212207 0
2.725847105591904 -0.4949459269164327 0
2.512220886906488 -1.076704161204407 0
2.71114296588407 0.4513114581184764 0
2.714984752355652 0.5430343954855394 0
2.084118687404798 1.294626225493597 0
0.3610284733132682 -2.493930570135173 0
-0.01867767939923956 1.889116181422979 0
0.01825891130684135 -2.469888874187216 0
-1.728103657293378 -0.4634942516653021 0
1.584558031039453 -0.8485718966282222 0
1.113869614719759 -0.2217538823726245 0
1.202184852876967 -0.1784019024163946 0
-2.299464205157726 -1.133081504554005 0
-2.388894367238094 -1.176645947910716 0
-2.395840842759603 -1.275859946121168 0
2.335820312323455 -1.160284767572036 0
2.356743436642966 -0.8661699676636505 0
-0.7728893079383796 0.8413845074755525 0
-0.7701675334728906 0.9445728737338999 0
0.4362116786774462 -2.648141317503833 0
0.3577656884698342 2.358939565148399 0
0.2758235609315489 2.414357674314096 0
2.128020014310625 -1.643338795436495 0
1.659526802137523 -1.002419190902221 0
1.741493347893336 -1.058155039027064 0
0.4772351322951468 -2.054188231089656 0
0.559777644210551 -2.109471875769899 0
0.6168102287393505 -1.222369217618087 0
0.9848117297700065 -0.8538772604352562 0
0.9775453538599632 -0.952213147507883 0
1.058838053411677 -1.007726849552782 0
0.9701984686108683 -1.050487489526296 0
-2.310218435627324 1.160705222414105 0
-0.8513136845296911 -2.62612112261104 0
2.166276651092828 1.238869348627146 0
0.8890021955960375 -0.9953250337393336 0
0.8814788599808991 -1.093341233927934 0
2.337275110202354 1.228080937611186 0
2.427186150296269 1.271328893166323 0
0.2016529924813426 2.569408951720956 0
1.279009389240714 -1.476929953067886 0
-0.7310515424473264 0.1982114281676027 0
-0.06997746861772636 -2.519367632087045 0
1.854826491273493 0.5198975002810193 0
-0.1645967997872095 -2.674065224052614 0
1.233949608456861 -2.069586465586671 0
0.6731917102573985 -1.670587135902057 0
0.7547443423242923 -1.725843133446906 0
0.7464526678238619 -1.82595959688268 0
-1.063343863761607 0.3231668912693315 0
-1.144712827036846 0.37780115306016 0
-2.302894715337457 1.2597170001608 0
-2.385326401676886 1.315358672348299 0
-2.695965807478135 0.5895678210099417 0
-1.761573309292478 -2.114912546449368 0
1.71346234440655 2.16537294021968 0
-0.2149795821167055 2.745592056410756 0
-0.5916912380385482 -0.1953285371307859 0
-0.3871161744238262 2.758409117323637 0
-2.476000225326269 -1.217031349058617 0
-2.70001659949066 -0.7564838130997424 0
1.385524249901419 -2.382493446187207 0
0.4292411047364501 -2.748081459151454 0
-1.543281036636264 2.292487727503091 0
1.558836492875879 -2.296905282962221 0
1.146780649839892 2.549292587788331 0
2.76283623405013 0.001066075611395525 0
0.1381865626020115 -0.4878666842939632 0
0.4661600132926948 -0.1665048656754708 0
0.5595279958587427 -0.1372385206373901 0
0.5906003873326239 -0.03902051721089269 0
0.4349373688347144 0.2577874281577234 0
0.5338307413763969 0.2462500255971317 0
0.4990110815978588 0.3387715324304834 0
0.5974517117224729 0.3213584774272015 0
0.5683977347976653 0.1576236552013524 0
0.2718806025936908 0.4307195999708829 0
0.3647785884300677 0.4608287609382723 0
0.2890594861397707 0.5307983349775199 0
-0.09591140014221357 0.4952622611604863 0
-0.03388446193987601 0.5817737437200788 0
0.06051792708966155 0.5947744886665881 0
-0.1328243418963679 0.5817352308600474 0
0.005461342957271958 0.6715572562171545 0
0.1024412306271976 0.679705085844124 0
0.05042404609940598 0.7491296464009519 0
0.1580623366456514 0.6107197317135933 0
-0.2985272365389326 0.3997844026333549 0
-0.397697981285656 0.4273575197488525 0
-0.2884700380779868 0.5016902254823216 0
-0.3903174363483583 -0.3275831349896964 0
-0.489586813860682 -0.3139780176621166 0
-0.404251281771923 -0.4243901127875314 0
-0.3346015139619506 -0.4910227082086052 0
-0.1785846384919682 -0.4747812888699297 0
-0.1498104262338076 -0.5688252444197432 0
2.71193338511551 -0.6935388060399401 0
2.113608738333554 1.790490565563801 0
2.111829161375268 1.691049077339873 0
-2.550822179125892 -1.061557767903499 0
1.225278071105153 2.491329201940828 0
2.022146167508142 -1.880460579446834 0
-0.001732550290518935 -2.765857551570923 0
-1.898336409423896 2.022815261352866 0
2.113782404143919 -1.841360771667116 0
-0.1702484408856096 -2.775915092012496 0
0.02251056668889113 -0.4936997921664784 0
-0.4999881804004642 0.02395975843427107 0
0.6529158539830979 -0.1095582195567123 0
0.6883533994261191 -0.01991408713184953 0
-2.161654279603207 -1.737732454269459 0
-2.251816736357552 -1.700082414934733 0
2.20061840562049 -1.699984082693734 0
2.292486400194586 -1.66795252034915 0
0.7765645210574137 -2.669771444117774 0
0.786378671258815 -2.572927307894151 0
0.868995806513843 -2.625756927380541 0
0.8762387659479056 -2.529088258089064 0
0.9578345300887785 -2.584991457335026 0
0.963605741122613 -2.486478687806318 0
0.8820394203142088 -2.431715795307144 0
0.9459093978694079 -2.677803602830118 0
-0.8278152093498881 2.640993982637866 0
-0.7374816838987422 2.679583267655834 0
-0.5082349497531798 -0.426459704770872 0
1.550869336187829 -2.386990153517758 0
2.775531580355481 0.1996766199296503 0
2.599906734704518 -1.033401486304921 0
-2.75472035598107 -0.2963940066144666 0
-2.320377199540259 -1.529349270986807 0
-2.778414546567312 -0.3993297663117756 0
-2.633798849195847 -1.00861134146307 0
0.5084914630775574 0.02698841975008134 0
0.2037031538568523 0.6894813682065875 0
-1.722319454246148 2.205530151335097 0
0.3401440424387637 -0.3543669710634832 0
0.1874673335474715 0.4768372515751594 0
0.5766435642364991 0.4176268541824424 0
-2.496011156529345 -1.317288775361492 0
0.2321811226072452 -0.5385562349998105 0
2.515943837208291 1.216291536949589 0
-2.688986730492189 0.7929648855579661 0
2.211244004840508 1.746923344495878 0
-0.453998509056381 0.2262767615076654 0
0.08147452053504976 -2.822719249565647 0
0.1719570308861583 -2.785853430752545 0
0.2575283652295698 -2.842366543153406 0
-2.676989815300518 0.8893809063061413 0
2.516378413251736 1.314958121707148 0
2.600258889029308 1.16023465171047 0
2.434778094034578 1.374029171803191 0
2.4367880912224 1.476801787285721 0
1.927471636054055 -2.026873531276983 0
2.671929069989949 0.9145720917058581 0
2.728420721558541 0.8396897675449563 0
0.7622292599752808 -0.101104138583729 0
-0.4054544004731901 -2.408268271551794 0
0.6029382879018813 0.061347477057725 0
0.5561145749346007 2.745215908017275 0
0.6475119083694856 2.784493738317755 0
0.4699474152136502 2.79763917121671 0
0.7296723455112719 2.73133279462984 0
-0.3984542565341223 0.5301306791798626 0
-0.4816528164865272 0.4812494137896498 0
-0.3271594157675025 0.5949648790055773 0
-0.4894302665703406 0.3832507260888195 0
-1.039402935785233 -1.655580947074995 0
-0.9582798803763117 -1.709407977326387 0
-1.204882715522457 -1.546420738611837 0
-1.370012440011253 -1.437841290821382 0
-0.9391326772389992 0.9552251197370565 0
-1.995854583709651 -0.5945180527738474 0
-1.695038992763862 -1.209672753360344 0
2.515395271145153 -1.271791589435806 0
0.3893701890188148 0.5548869543743793 0
0.4522284982999341 0.4939120330742983 0
-1.026348576140309 0.911284144497902 0
2.788963756031985 0.2967501332438655 0
0.02094234795689958 1.242279770921616 0
-1.201687264359969 0.8215536357901965 0
-0.06789519362677307 1.199009840574569 0
-0.1491554302349367 1.254844707856653 0
-0.1563417147920979 1.156096278729386 0
-0.2376519206547341 1.211768994707765 0
-0.2455443585524007 1.111236766156846 0
-0.3262442704031421 1.168415788781799 0
-0.3333696976112308 1.069702489744958 0
-0.4146100892433214 1.125581754426288 0
-0.421024442604149 1.023680521728962 0
-0.5028975757777094 1.082083282650792 0
-0.5092957794493722 0.9814192124043368 0
-0.5941289041839777 1.03914293122218 0
-0.4961638892331207 1.18088692193881 0
-0.5983696220295706 0.9416995800022604 0
0.1911682921117593 1.228528039751795 0
0.2732702315767743 1.173843517494265 0
0.3616124313480759 1.218150693173774 0
0.3546287268095568 1.119645801193047 0
0.4430602229972005 1.163057724999652 0
0.4363805358015186 1.063526176084174 0
0.5246009336407021 1.107759079113027 0
0.5174049721847948 1.009895100587526 0
0.6059766402784184 1.052799720365007 0
0.5317623773061846 1.206164415951425 0
-1.71622135609077 -0.1765816263511805 0
-1.701344110254721 0.0223138983038684 0
-1.687522302503929 0.2195698424052221 0
-1.673667589774218 0.4168524223358784 0
-1.659344728163198 0.6142767598008819 0
0.5984753870031205 0.9530398121414869 0
0.6872767077897184 0.9973639106048562 0
0.6793310727000094 0.8966385162045066 0
0.7685769674099933 0.9419626755419819 0
0.7608721102196498 0.842203016140447 0
0.8499979873831121 0.8868626946633289 0
0.7758127584920443 1.040618328244594 0
-0.03295617810610201 -0.5817132627405975 0
-0.4535004698141321 -1.847251153290294 0
-1.640228913508524 0.8146967744040361 0
-1.808237166841547 0.9232523570166398 0
-0.5302724299346445 -1.703673761140621 0
-0.6125608498427277 -1.647635276758529 0
-1.791786930101455 1.121863961401116 0
1.473941865203236 -1.188647557653769 0
1.554854035505857 -1.247238902594484 0
-0.5161839617939933 0.8817803867329821 0
0.8429919569646644 0.7886347335662648 0
0.5550433559456535 0.5240741643049622 0
-0.4808360508181047 -2.244172655858939 0
-0.4274881100183419 -0.5179576252438584 0
0.2613156292887269 -2.740737443789237 0
0.5126655260257686 -0.3311987746591731 0
-1.307705391674949 -0.6424015169875329 0
-1.256708345622186 0.04357386287346612 0
-1.267636895702916 -0.1531407552758615 0
-1.2768464905128 -0.251343182698504 0
0.6636694236160341 0.3973878232256171 0
0.6941493580929816 0.3034544779217129 0
0.5100681098189915 0.906982558059471 0
-1.237397440724795 0.3378410733627856 0
-1.230480394956599 0.4370655411067927 0
-0.6841276535144696 0.9912516831998899 0
0.1018057357914083 1.181917529870398 0
-0.5993851383165498 -0.4787646742592808 0
-0.6064140604888409 -0.3893329695702399 0
1.278748292048713 2.046229681266129 0
-0.2560020625698288 -0.5489981778088887 0
-0.2047424062710646 -0.6486449047077877 0
0.7541756699122006 0.7442579807955023 0
1.445978675333932 1.933804513193177 0
1.150220117287971 0.2718406698443159 0
1.232340556086875 0.2170601302039906 0
0.1442500919817779 -0.5951132006540483 0
0.3149246360807137 -0.6003195668491417 0
-1.689329133905974 1.363200648639619 0
-1.50890235086594 1.450537555417842 0
-1.33067949889963 1.537223416768428 0
-1.152562282137375 1.623867498221251 0
-0.5604819726034618 0.1843304004700374 0
-0.9745053372494621 1.710481962149534 0
-0.7964713182817079 1.797086432928417 0
-2.797280972359414 0.7447165258658017 0
-2.71144824099491 -0.8664607773606408 0
-0.6188478640436732 1.883483084796118 0
0.9239373999541406 0.7294055626078211 0
1.975886915893513 -0.1844778369791699 0
1.933301220622561 -0.7767099709352396 0
1.734105794379866 -1.158900118005612 0
1.822738461606589 -1.115318504072863 0
1.830475660142776 -1.015152057175244 0
1.91185813000441 -1.074420014599091 0
1.919581807933457 -0.975273358459549 0
1.990212949096596 0.01297199158193544 0
0.9319780741204408 0.8308321050962972 0
0.9173953617102211 0.6287386671177646 0
2.004574172920545 0.2118882240408022 0
1.285791185596721 -1.378292401420592 0
1.38405034656996 -1.232101381790987 0
2.018790992285906 0.4076550574173914 0
-0.9645527211284559 -1.812473000842161 0
1.307125720705321 1.198515537869833 0
1.241664491913597 -1.97284431436976 0
1.330262113399475 -1.932576730519547 0
0.9793061186334419 1.420428958779112 0
1.022019658792368 0.8741877001709872 0
1.284567636424069 -0.233263486450986 0
1.291183610142574 -0.135125454631306 0
1.208944386565392 -0.08024076743440695 0
1.297685440474455 -0.03687221866050559 0
1.215555610469383 0.01798364721794801 0
1.304322588119227 0.06138202895861841 0
1.39384585186455 0.1050014121360806 0
1.222068099546846 0.1161762266663855 0
1.134222993188544 0.07306535078087666 0
-0.5488729214640284 1.631751953946579 0
-2.002910077107402 -0.6933903868611117 0
-1.920201497376069 -0.7479370222985448 0
-2.009188181978725 -0.7911262138269869 0
-1.927059264071923 -0.8466792055618595 0
0.8156357592044678 1.531253882757002 0
0.5846651163078376 1.894525419240698 0
-2.693730774443374 0.686401156092023 0
-0.7268047893435001 1.545247318756305 0
0.3109245423826182 -0.704276687741679 0
-1.130333178244695 -1.704492510779469 0
-1.001223159859657 -2.31798570981584 0
0.6518899433424591 1.642117442479778 0
-1.991956456333267 -0.4978929795965233 0
-0.9047178058762283 1.458721803983464 0
-1.351541829643933 -0.09589228246496809 0
-2.017464887331612 -0.8920509975992719 0
-1.935167487898729 -0.9473982551697732 0
-1.844841303186872 -0.9021130997386688 0
-1.852887526908412 -1.003135832121206 0
0.4041622916105221 0.654876470665418 0
0.6082741741700849 -1.321170784915361 0
-1.975822733610565 -0.2075460864619921 0
2.364006829117095 -0.767754608181846 0
1.328397247354433 0.3576554920653879 0
-2.220861310820062 1.202903345082053 0
-2.273081382602671 1.651427440763241 0
-2.361644845094782 1.607548328336403 0
-2.25542110467844 1.749086538761659 0
-1.082654800478693 1.372152390393125 0
-1.962244948801469 -0.01071504148470809 0
-0.2783732416025357 1.857684650541442 0
1.758840766010855 0.3772194943362839 0
-1.944295780794493 -1.049971416581248 0
-1.774267769125304 -1.068720069340762 0
-2.412851435139003 -1.47820892790636 0
0.4952377457468045 1.851667262693882 0
0.4882262602164372 1.753136865440126 0
1.176250301264516 -0.5715668136652614 0
0.5912894247204605 1.993684608215087 0
-0.9364416979253243 -1.411205417919942 0
1.744627108177366 0.1800743616953106 0
0.9628670361798117 -1.14892400521545 0
-1.948449185075118 0.1865560533005297 0
-0.3191292118205011 1.267021301066368 0
0.755729521962322 1.8822313333957 0
1.730420571738524 -0.01702674253146565 0
0.3054443641980487 -0.8061942555918983 0
-1.100190807577375 -1.30079136230059 0
1.374441866538653 -1.333161846348125 0
-1.934600494034415 0.3840495505896843 0
-1.368260589750537 -0.2926779768049047 0
-1.283979720455793 -0.3495563055294321 0
0.9196728143897106 1.771210146505227 0
0.5062656604189661 -0.4269287716735662 0
-0.1498019036477186 -1.217627783064044 0
-0.2316412331023328 -1.161985087023385 0
-0.3211496787753443 -1.204076376484135 0
-0.3124427369170875 -1.106188327002413 0
-0.4015282835553118 -1.147597768514921 0
-0.4103877950717859 -1.24594874383062 0
-0.4910108462864718 -1.188557913480727 0
-0.4821014628014917 -1.09048668760954 0
-0.5714724306437662 -1.132627785140359 0
-0.5629167294379538 -1.033883859824736 0
-0.6519056484823941 -1.075076933969645 0
-0.6431265033161079 -0.9778262217735734 0
-0.7323363035002021 -1.0183577546226 0
-0.7236263537885795 -0.9221108040519633 0
-0.5554401208306842 -0.937608122817811 0
-0.8132816925123301 -0.9631277304120039 0
-0.8051395307382124 -0.8672942545043489 0
-0.8932050799984929 -0.9049295839357601 0
-0.7420974411643082 -1.120244446391372 0
-0.4992309385876638 -1.288970009395285 0
-0.9842358794945052 -0.9524689861660605 0
-0.06850420127462445 -1.273130189474554 0
0.01262387215656441 -1.328865345291087 0
-0.3291270435811312 -1.303090069741576 0
1.716211538341408 -0.2141108827508296 0
-0.5887795176733931 2.376788982110316 0
-0.678036554776588 2.333357047933576 0
1.380418911777045 -0.09188956854064009 0
-0.2522417532428946 1.008262533968457 0
0.3938735510989645 -0.7617744109460256 0
0.2993459605269596 -0.9041952774888553 0
2.509322872425946 1.116099206405401 0
2.586238190328682 1.059976578607152 0
2.688344204029478 1.091919406260541 0
0.4401568293322683 2.303378194729164 0
-1.263980386110083 -1.190226633177044 0
1.636360825800474 -1.305862673576803 0
-0.07552964922262198 1.094963829409786 0
-1.920746868821244 0.5815829621040718 0
-0.6272769270056093 0.534879455721746 0
0.9989564994024727 -0.6570371570822277 0
1.083617119874312 1.660083847169954 0
-2.422445812106613 -0.427219748438193 0
-2.415441426649073 -0.3278830493684357 0
0.2658119951024601 1.071259292980643 0
0.8739152648099027 -1.192110621007888 0
0.7928698818446124 -1.136637458082283 0
1.903901350123735 -1.175336773043679 0
-0.008930740656295627 -1.623705312984919 0
1.066366753115192 0.3255690463317762 0
1.072977842943145 0.4234071758499454 0
-1.290832400413666 0.7813283985998422 0
-1.197102072865501 0.9253886363374073 0
1.701994089759983 -0.4112553561439725 0
-0.4427728786958974 1.968758773112897 0
0.6877897090890949 -0.2448843139356045 0
-0.6805380632716551 -0.2422652770763657 0
1.233476026628262 1.351903861634131 0
1.143020269810738 1.309557312121203 0
0.6663139383424089 -0.5356342124117925 0
1.264840469591803 -0.5282837439172038 0
1.18275287410627 -0.4728667404022436 0
1.271321139298909 -0.4298018565505353 0
1.360179266849574 -0.3867929793638021 0
-0.2888714789876487 -0.712471609007654 0
-0.1152829655786315 -0.7132131260391132 0
-0.119626155822405 -0.8200837804618388 0
-0.04075944666144015 -0.8757449171037806 0
-0.1829735879694859 0.7535685795580731 0
-0.09675762071810476 0.6871885708139756 0
-0.7743634573240876 -0.3845746603143695 0
1.044121001513727 -1.204931266538186 0
-2.084281733510763 -0.5476219648125829 0
-1.990493836892064 -0.4003885436393612 0
-1.152468272009434 -0.8506027462999624 0
-1.142202823530293 -0.7528769597041725 0
0.2943555729998067 1.470411436327703 0
0.376039486028493 1.415075660492979 0
-2.099059305248983 -0.748886709123209 0
0.5645126628799024 -0.7746402423560923 0
1.193526201128238 0.8619940758277019 0
-0.6868180784295894 0.8892436421332316 0
-0.768941559271246 1.046450986028679 0
-0.6765973942610928 1.093902128635019 0
-1.315264776223686 0.4952909281807522 0
-1.22211995822635 0.5333351173073517 0
-1.320458874546651 0.3963306788037221 0
-1.247690645663633 0.2399247098488676 0
1.717375904967312 -1.363724288743322 0
0.2108805141914964 -0.9472167569286589 0
-1.68037460020556 0.3185274088859969 0
-1.694205081484684 0.1212956546278633 0
0.933379950199926 -1.543634685698938 0
0.5853889916572632 -0.4810443371125329 0
-1.665931757062072 0.5164881229756518 0
1.349940558835338 0.6526775139323486 0
1.431560164257313 0.5972499352858434 0
-0.5333428615303284 0.5711119572785762 0
0.183403234092419 -1.339921705329545 0
0.7935210054328049 -2.474187283624173 0
0.8005369178505165 -2.37514535037994 0
0.8867078402498633 -2.333903921895823 0
0.8061064406646654 -2.277403862195925 0
0.7178774542410673 -2.319750046991186 0
0.7246603016790463 -2.220571740712058 0
0.8109926532566158 -2.179119819375465 0
0.7311226731643552 -2.121795028188344 0
-1.460081600298431 -1.484766956422757 0
-1.287495415622445 -1.492887578205569 0
-1.295605185035505 -1.595288265427744 0
-0.1354515418757374 1.451681072263293 0
-1.70775245960506 -0.07596102813541288 0
0.1621744944349917 -1.635554584759763 0
0.07994604789095891 -1.580331564262409 0
0.08686490224287054 -1.481836236350822 0
0.8667180373546652 1.083364966312424 0
0.1097869648294134 1.285880159557548 0
-0.7013903129611985 -1.691538546630114 0
-0.6948497028896752 -1.592305666611853 0
-0.68878786170651 -1.488338262658397 0
-0.5262343249359933 -1.596696693393123 0
-0.7823779347227864 -1.632735785868625 0
1.366366940946034 2.091711568549254 0
-0.2148612514546937 -2.105486919726435 0
-0.2077866239911796 -2.006538533380455 0
-0.1256496118945451 -2.061965577199448 0
-0.5794749558547538 1.235949394779664 0
0.9199503226988239 -1.739854727277976 0
0.1690635854506073 -1.536981649001704 0
1.373909579570948 -0.1902576544293681 0
-1.343132245041738 0.1010158150849565 0
1.3224567290115 1.394705116781275 0
-1.349690444181981 1.242172505356939 0
-0.3203353401685899 2.50725770871838 0
0.6214046069714523 1.249295541044779 0
0.5394657395214466 1.304533921848013 0
0.6132938698859765 1.151094118713013 0
0.2993616202391523 -2.141319594658329 0
0.305997718698767 -2.042349051541161 0
0.08437042240812266 0.8877321657054945 0
0.5362965095301833 2.445982710858307 0
0.618718131850778 2.390272872534047 0
0.9047336573575293 -1.939354109171409 0
0.8192314707326761 -1.983158695951114 0
-1.876234255386177 1.175996329464582 0
-1.800362540775443 1.022506006290532 0
-1.724169958942829 0.8689046370924342 0
-1.649203212177974 0.7148118483490093 0
-1.626128986794851 -1.377688368724171 0
-1.535464135802526 -1.330743797482248 0
-1.702728726203821 -1.313545808840312 0
2.50463476712531 -0.02975578159816531 0
2.422373402706097 0.02617634264356106 0
2.42966217831705 0.125519685277364 0
2.497275792615583 -0.1289740228543197 0
2.407805841164565 -0.1723551387611718 0
2.400517205369451 -0.2712116416668224 0
2.482794963482645 -0.3272548476357714 0
2.475386240730588 -0.4265594777989878 0
2.385915820291571 -0.4699868112883063 0
2.378638116385301 -0.5685758324613202 0
2.460959519871655 -0.6248094715274107 0
2.45366701183903 -0.7241413712303486 0
1.127252090902902 -0.02562303772356899 0
-0.712544930461218 0.4914053755085873 0
-0.847440027228383 1.106512835196168 0
-2.476859129446225 0.02547405508490602 0
-2.39443344250426 -0.03027677017587584 0
-2.401440190939523 -0.129210640909687 0
-2.469851540194146 0.1246752298835858 0
-2.380386887675376 0.1683379358679565 0
-2.3733498552145 0.2669518513683052 0
-2.455798740453583 0.3229434807820832 0
-2.44879270332064 0.4222337379477031 0
-2.359377016939902 0.4648317202312426 0
-2.352276487088381 0.564364070500701 0
-2.434823474904245 0.6205334526312558 0
-2.427530290237452 0.7200569734957022 0
-2.338297249413652 0.7623052548542162 0
-2.331105651115404 0.8620140312536769 0
-2.241695723224367 0.9058892908523866 0
-2.23488730455659 1.004107865454931 0
-2.317431232342817 1.061187436000093 0
-1.818324446070225 -1.664901612485796 0
-1.028913206551694 2.258550777583248 0
-0.946390741734107 2.202869288027169 0
-0.8572133868240671 2.24627315369154 0
-1.118346093337704 2.215062136661113 0
-1.125489141519903 2.11579676646216 0
-1.21458176034906 2.072391561173886 0
-0.8500303860087877 2.345491163130359 0
-1.996132017493315 0.7357337674173056 0
-1.495220929294662 -1.986222020236657 0
-1.488467910697495 -1.886901991030175 0
-1.570778028958301 -1.831537449571279 0
-1.660224902509021 -1.875167127053412 0
-1.412733608646172 -2.041750582886186 0
-1.323260939988951 -1.998103420789237 0
2.043670205511044 -0.4405745153774643 0
0.7948511378171805 0.2941044652230503 0
0.8012078688876142 0.1926949005793243 0
0.7151558238358025 0.152201604020995 0
-0.7605086615236358 2.389032979572649 0
-1.021515343453041 1.015511366212707 0
1.224201787708898 -2.265243456299225 0
-1.297129194076558 2.128083825654201 0
-1.386607985742088 2.084565197895347 0
-1.393775410246084 1.985235902446915 0
-1.481981825919921 1.941833993263132 0
-1.564348158289522 1.997274119947449 0
1.417566400282602 0.4002341415940421 0
1.32058050879092 0.2589880026333896 0
-1.71903939106474 -0.2719924367719336 0
-1.248064199292326 -2.152470664142674 0
1.412123480283788 -1.988566529918049 0
1.4195351215558 -1.889516325163751 0
1.33833994950898 -1.833743200043428 0
1.42717070818415 -1.790418998842302 0
1.345301757367023 -1.734563636039872 0
1.256595913591781 -1.773968677215938 0
1.2646094502625 -1.674924584875213 0
-0.08749770223556579 2.142319768906237 0
-0.005213228972770058 2.086700031535373 0
-1.12317418313988 -1.601664814917357 0
2.519174358064297 0.1686502497854901 0
-2.490853856837688 -0.1728876778240369 0
-2.497870726591643 -0.272167766586114 0
0.3686903736066948 1.316622351992503 0
-0.3230525811826633 -2.4637058341258 0
-0.2355104211487168 -2.416369937336169 0
-0.3169415795364093 -2.358034873132896 0
-0.14688297816025 -2.365232722554179 0
-0.4877860448724211 -2.348051898337038 0
-0.2548041025543311 -1.458007194309557 0
-0.3366216549147933 -1.402305630640281 0
-1.390513959769278 -0.5869677328563249 0
-1.379355032763989 -0.4890519082071209 0
-1.893002918696324 0.9771692844545746 0
-0.2379815881865199 2.451551679920935 0
-0.7286581036264885 -2.087368516190534 0
-0.6404474922028474 -2.043648339961909 0
-0.5584868357677951 -2.093997308504624 0
1.72027616802794 1.021895338115337 0
2.233520883001336 0.9862908103382091 0
2.151403233668977 1.041665877894582 0
-0.1421900211764818 1.353265351285807 0
2.226459635971636 0.8871624119514455 0
-0.04668723016546355 1.494833087223641 0
2.032961266920765 0.6035530672915718 0
-2.119161964531423 1.440734906754821 0
-1.42813925267878 -1.079527886947784 0
0.8727363180589223 2.322195246790434 0
1.734620615935107 1.218519733159595 0
-2.059131249242243 -1.398875539384044 0
0.9919570808220717 -0.7554729067085126 0
0.503764791957114 -1.66003110173507 0
0.4214174335234188 -1.604849568836318 0
0.5532054086040724 -2.208597887144804 0
0.7681038751929899 -0.297216604855969 0
0.02314548816102474 2.482716699441177 0
0.7847941820498624 1.138747237636225 0
-1.747434632095715 1.813130295704644 0
-2.43638969204365 -0.6254980881081216 0
0.1071857006337368 -2.426384480325637 0
1.613377102470506 -1.60498412474336 0
-0.9137934529011686 0.01700654280361013 0
-0.158809321876162 -2.569901269092519 0
1.208057088847656 2.301853863668151 0
2.444200746459994 0.3237427564181949 0
1.140288031742624 -1.063365834929269 0
-1.574056868556065 0.5622762480956187 0
1.748655944726988 1.417730064987158 0
1.236364880433866 -0.9220432425875751 0
2.239284630472644 -1.302577041189707 0
-0.812483952900332 0.252896446310208 0
-0.9006634370199351 0.2108895874826986 0
-1.781291832698336 1.318261696349706 0
1.509130751401845 -1.846325263789123 0
1.346580628699011 -0.5837975597942235 0
1.687914765354247 1.769236257157643 0
-0.3481505166216265 2.111194699980934 0
0.1348323612976507 -2.030507383725655 0
1.104430130241947 0.8187648258965301 0
-0.3131030259044654 1.365430524442743 0
1.342666994537227 0.5543492237263223 0
-2.003086436134645 0.6368244197707779 0
0.4340554874868608 -1.406929625987124 0
1.434765289481812 -1.691275888409878 0
1.687771349304227 -0.6083654823988144 0
-1.588228863953378 0.3643365213277688 0
1.172623518349135 1.703648392528785 0
-1.98350873912541 -1.553632685033827 0
1.53487472485722 0.8374649561452285 0
1.087488751111126 -0.6143079109955424 0
1.673823777987758 1.571500670759117 0
0.4832117645889235 -0.7195838642673498 0
0.9406621892934118 -1.445163358798619 0
0.2091279965906598 2.668661840948539 0
0.2142652899151446 2.763481597640962 0
-0.01575921589950217 -1.72234057813681 0
-1.421262225633231 -0.9807346876275084 0
-2.468473518303812 1.27166540398716 0
-2.467711873921103 1.380377100858563 0
-2.052148327037175 -1.299457448682417 0
-1.60216833619097 0.1673162531782466 0
-0.2034204597106863 1.704026038035715 0
-0.4370135255680553 2.06782848957032 0
2.053096908636088 -1.488236405259448 0
-2.03661154136797 1.385431781012379 0
-1.438908212837617 1.198579502549055 0
2.36200096285827 0.3796461458528895 0
0.9763745830207367 2.563707963483984 0
0.8942747323818979 2.619532503145722 0
0.9837426520745571 2.663247046417012 0
-0.8108727172472652 -2.031885574352965 0
1.569114348093417 -2.199651967205321 0
1.643846485227104 -2.250780509599957 0
1.57416852383167 1.326937297378195 0
-1.843864928579264 -2.058958948286961 0
-1.942095071229619 -2.002307392688184 0
-1.925945848524696 -2.110592708907066 0
-2.033400276809404 -1.98294768699259 0
1.025594636350101 -0.2651132634680999 0
2.001881598252498 1.350453626371438 0
-0.7593680177157931 -0.1897264723558207 0
1.798232907564038 2.109246869558562 0
1.880341805203519 2.056813598074816 0
1.941134960934155 1.703424574481076 0
-2.584920920683317 0.9293041548512913 0
-1.615557377954481 -0.02806176164684705 0
0.3983149621458478 1.710317869527495 0
-2.125383519278704 1.342162014895413 0
-0.6339762975783567 -1.944206320745428 0
0.6422246960505815 -2.165013503889845 0
0.6479013201372276 -2.066984010558978 0
1.645200061061008 -1.203526745106852 0
0.6609074825411367 -1.868595089306439 0
0.1415601297794524 -1.931671946147266 0
1.8693455174948 0.7145175417150177 0
0.1590471974932685 1.975747217586337 0
-1.940314234622518 1.527998066416292 0
-2.285514056338168 -0.9348908894693301 0
-0.2448728279847383 2.352500641753197 0
1.970924193176667 -1.432296155386141 0
-1.96981638442753 -1.355028398887573 0
-0.4763673154370369 2.714396987538228 0
-0.5445801968837263 2.774231581563211 0
-0.5908602809720129 -2.594740188055838 0
-2.082866209281005 -1.791918017071449 0
-2.079186044245902 -1.905502800545194 0
0.4124243575784309 1.9077718449556 0
1.631404943627418 2.221652925996943 0
1.711797146752459 2.263423004342763 0
1.712922166369547 0.9237915577279903 0
-2.7505345853857 -0.201824965788252 0
-2.832018442209105 -0.1473229743620357 0
1.243577933368573 -0.823636578676769 0
-1.919789973148342 -1.900492471376576 0
-1.913863235247325 0.6803953276433 0
0.5294129404559003 2.346847330652533 0
-0.9173377620615433 2.597555747940283 0
-0.9935538775582868 2.652915794899054 0
-1.346176526329925 -1.134943428184451 0
0.1768031153190854 -2.682334832349071 0
-2.685179320028209 -0.4578653774919665 0
-0.6566889930508288 2.62975675405579 0
-2.210027065500812 -1.089363423639213 0
2.605069518007198 -0.9348664224874246 0
2.700498520723051 -0.8921730863834771 0
1.874252693454058 -1.574561224863763 0
1.261055181114724 0.609763286185864 0
2.157086412710249 -1.246795915287406 0
1.531381007023374 -1.549052481893733 0
-1.674115011699636 -0.9135711551504724 0
-1.64605854536868 -0.519014437635454 0
0.19033583972799 -1.241581411680776 0
0.1018087883903869 -1.284895701916836 0
2.076709007771255 1.195812183764922 0
2.767085402211993 0.1005187959972132 0
2.851935734013658 0.05022764097593185 0
1.548878997918519 2.277204561415068 0
1.547746952460964 2.375818266716149 0
-1.266563477242104 -2.448378312252993 0
-1.260030410943116 -2.545076371248443 0
0.1141265383466559 -2.32732324701341 0
-1.514697369802235 -2.282600691949051 0
-1.607728573258632 -2.329031848151248 0
-1.838010166107382 -0.8031042647509571 0
-1.55697421832421 0.759834480842555 0
-1.67943420569002 -2.171045771314911 0
-1.773334469605032 -2.218453967644089 0
-2.724010968333736 0.1926849700562183 0
-2.81618197757636 0.1480320166893312 0
-2.821063327557146 0.04895387835741102 0
-2.909320990067748 0.09935929342987294 0
-2.80875619145126 0.246834913845587 0
2.487581412653294 0.9181167847110636 0
2.755029639212918 -0.09810996570449562 0
2.833294681547514 -0.1568742047547342 0
2.824205007180996 -0.2567205990250431 0
-2.36820464304843 1.508156531323996 0
-0.09782164726585629 -1.667062991215066 0
1.453184283231493 0.8927046639099823 0
0.4333537757272602 2.204396081956766 0
-2.738090641514197 -0.005925979359269584 0
2.354807654286817 0.2805878302535326 0
-1.349070529701302 -2.392830139018775 0
-1.4295753395192 -2.440977043654919 0
-1.27554831156848 2.424318835939919 0
-1.269172435550022 2.524860523897077 0
-1.177198394501438 2.567417501324959 0
0.2126895917277939 1.525782356471877 0
0.1450316576197469 1.778340914558246 0
-1.096395984497096 2.511505971602578 0
-1.754611599366852 1.713983857655569 0
-2.353985581983268 -0.6812449342455068 0
2.744106519427997 -0.2967975341824926 0
-1.268289935937413 1.186121040393851 0
1.502835002673878 -0.7930847454920965 0
-2.241260440673636 -1.588106169755526 0
2.300706376865924 -1.558037956956008 0
1.98021390329595 1.053715526294955 0
0.03193135556534676 -2.272003268200937 0
1.770221899563122 -1.815875353468385 0
-2.313353399712338 -1.331409708510437 0
-2.701734948231686 0.4902472355933306 0
-2.783305950415513 0.539686604173047 0
0.36791310014871 -2.394844414501534 0
0.7224570302595854 2.632085057156004 0
1.382681741592804 2.387784537082597 0
-1.45352555920476 2.33539138847944 0
-1.43862294902228 2.43709050935133 0
-1.628818498637386 -0.2249613871361436 0
-1.927611374902287 0.4828510781698791 0
-2.539742215448308 -0.8674075967976578 0
-2.69148873794772 -0.6573189625369752 0
-2.008371795671644 1.781711135546512 0
-1.101533459302733 -2.559532787926282 0
-1.017538601957118 -2.625899262162512 0
1.973041059675309 0.9548789451848144 0
-1.339332516956517 -1.036066784203206 0
0.3442383558546384 2.161076697304355 0
1.87309485506768 1.957484814141987 0
-1.631084931667583 2.245530761586679 0
-1.63048136726237 2.344396220988375 0
2.733397435004195 -0.395748885954262 0
2.804577080396639 -0.4602702312195112 0
0.2237539939902793 -1.987013047957737 0
-0.1342381219788526 2.692477633554221 0
-1.57820475870098 -0.7715520321311725 0
1.605955213355018 -0.5530671191281272 0
-1.976666358407654 -1.454259557889517 0
1.392382919113891 -1.1319900117424 0
-1.452997890519819 1.000792974491998 0
-0.2919260368259162 1.660764166075798 0
2.717238959318994 -0.594079115208318 0
-0.748915730040639 -2.384600161127663 0
0.5974476395740164 -2.772367871924302 0
0.6875446574038938 -2.814000371852911 0
1.357439553702648 1.889183798080982 0
0.3194045776200444 -1.844800602536453 0
1.934001548714446 1.604332873582206 0
0.7042821878813632 -2.517788001229833 0
0.02740346347188899 -1.131335838954872 0
-0.4257782819341312 -2.70568686576692 0
-0.5144245382449357 -2.751271386898694 0
2.705397445306139 0.3537279448304873 0
2.294308410287606 0.633373248668718 0
2.644273036974248 0.7074062401284531 0
-2.577117184154964 1.025199687029408 0
1.837004193236074 -0.9167844852034227 0
-1.831087678015662 -0.7043361916506925 0
-1.050413084888795 0.5156951889555833 0
-0.7720884934234811 -2.686261480856168 0
-0.6900609905264472 -2.741210695069827 0
-0.8687332949493429 -2.720786637864367 0
1.165564062546063 1.604618796137003 0
0.03861817215521921 2.773510915688524 0
1.665839342268399 -2.056921740328589 0
-1.070917232927384 -2.06358448540733 0
0.05616361064208094 1.735092073625894 0
0.631931828366598 -1.025731886804489 0
0.9240503904496145 -0.5041557343034689 0
2.269288675405368 1.480536777595109 0
2.274268239357708 1.576933218347214 0
-1.665312603333245 1.757263450234221 0
-1.111689204926851 -0.3622797441083746 0
-1.998760939640166 1.993615076293812 0
-2.087813828136619 1.926297396119736 0
-0.2883080720583373 2.815503206084079 0
-0.376297576247055 2.858929983573439 0
1.425847391824113 1.635679722110935 0
1.00164502671757 1.715668937655501 0
0.105062290232952 2.426888299640726 0
-2.017086225317344 0.4388943747136668 0
-2.347053222233586 -0.5821427474851539 0
-0.3568485245810853 -1.699574799384753 0
-0.2306342364193038 1.310057878396365 0
0.6117735329302809 2.291191643933019 0
2.253397834682834 -1.104788648311537 0
-0.9627478423031728 0.5576851219596858 0
0.4836833014627759 -1.955317623669661 0
2.13719342193825 0.8437151705199144 0
0.1800825184624194 2.272234174693624 0
0.0158865182186421 2.383588871975 0
-1.030160446715294 -0.4171520515899333 0
1.69123913472472 0.6282570539418135 0
0.4486100847773525 -1.209867119773766 0
1.515234240872637 1.678942305092107 0
-0.1006578625880451 1.94458045018806 0
0.2924022815600061 -1.002252013224587 0
0.4502236378896758 1.261348957061341 0
-0.7798691953969294 0.7420574026696665 0
-1.179504249687562 1.229163840232279 0
-1.171830251763491 1.32881271259743 0
-1.172255945745086 -0.01306737441978484 0
0.8047631694150059 2.576258622290838 0
-0.1894918810367231 1.901301467078425 0
-0.8381328751431369 -2.428286962354676 0
-0.4075639945507432 1.223922334078971 0
0.822316443507036 -0.7432725366230001 0
0.8654802119880237 2.223140337359918 0
1.032170414039229 -0.1672125018798275 0
0.8574266942790595 0.9853609710394956 0
2.144256789177573 0.9428120533760822 0
0.2174289375278284 -0.8492399603154097 0
0.8446526553366845 -1.586341172427071 0
-0.1184725764524544 -1.963148883600476 0
-0.4905503723676119 1.279250685598878 0
-1.031611021075915 0.8091907704453623 0
-2.717163128553449 0.2916163892893342 0
-0.2846502498355841 1.758990215734184 0
-0.7114428429954901 -0.7324384630925524 0
1.631101205737367 0.9790253782677087 0
-1.901058000117227 -1.609236493226658 0
-1.016144998096741 -0.2212737544328287 0
-0.3272595433275826 2.408133355879081 0
0.6395770439191332 0.2198898550008 0
-1.175517714375776 -1.14633462445348 0
-0.2004876840360563 -1.90775555614611 0
2.436973074318514 0.2246545445932571 0
-0.8741786565126465 -0.6247733420710987 0
0.9475029925717338 2.167397301461892 0
-0.4991763900244813 2.420402600849939 0
-0.8805695410647689 -0.7202668956221685 0
0.2554772486922203 0.6169241852353916 0
0.8518275213883653 -1.488016481911621 0
1.008533672786037 1.814926885518828 0
1.694889226023292 -0.5098106145045085 0
-2.029574052599918 1.484475548873049 0
1.029428739678073 0.9727874982816892 0
-1.667089155713805 -0.8148716227897719 0
-0.2890146487660816 -1.951082274407819 0
-1.535027744456266 1.056424800721303 0
-2.429452186754295 -0.5263804489717631 0
1.963660710383224 -1.531359149386522 0
0.3809261042073287 -0.9590466256091178 0
-1.001848628983013 1.315651461422858 0
-1.658229657950854 1.856375980962286 0
-2.087389039517935 1.832234870498914 0
-1.941485556996775 0.2853086554028771 0
0.4502682490986622 -2.450326525789768 0
-0.5980940139364597 -2.694892030560654 0
2.577106089997801 0.961512674215884 0
1.524031575177013 -1.648120353502738 0
-2.402792049515471 -1.375063160946323 0
-2.292453341674977 -1.033937231972136 0
1.120607619151504 -0.1237264668355064 0
1.036345178115451 2.210746521194979 0
1.852406902594449 -1.871797375037465 0
-2.622838160966505 -0.9129905005208494 0
-0.5949251525176713 2.2778194959024 0
-1.182157032310237 -1.245480122559361 0
-0.6919142567184419 0.7864517575894324 0
2.383680001938544 0.6766299788127792 0
-1.729607164054071 -1.620497802547504 0
1.658613402148651 -2.1564420585497 0
1.994667548041694 1.25148040835228 0
-0.6476906660922779 2.743742398949426 0
1.401960199689203 0.203169511701136 0
1.54248775756574 0.9352778007471068 0
-0.6842386838245337 2.234403287725066 0
2.023184677614617 1.647663118271198 0
-0.9939624679814899 1.415427723977686 0
0.06317870482434909 1.833723315176135 0
-1.63903250896295 -0.4208114769194283 0
0.9392630756467457 0.9299400599228459 0
-2.031038947018798 0.2411074870594626 0
1.966363575792816 2.002218629240796 0
1.881742707211477 2.156790832060919 0
2.24644140512431 -1.203564016253839 0
-0.4163999982498791 2.364633731825881 0
-1.647275925123284 -1.675950992503572 0
1.495728579472512 -0.8916134606362089 0
-0.5853331505294674 1.137632922391954 0
-1.527985975332672 1.155235357014391 0
0.6801638512771353 2.037216714491372 0
1.147589880073007 -0.964938327635133 0
1.005733456894531 -0.5591449891837509 0
1.620194419578715 -0.3560384498145133 0
2.795239222945061 0.3946708017032983 0
-2.333182783014992 -0.3839829287946662 0
0.4433159273066155 -2.54940656407674 0
2.105519662414761 1.591913497656384 0
0.6944190183713616 1.095658663389519 0
0.8377039381617064 1.826654200215847 0
-1.653681079487631 -1.77592202435062 0
0.8147547810169289 2.678005090806764 0
-1.894297522813089 -1.509619532071644 0
0.02534197382232067 -2.37101144139395 0
1.934273719537634 -1.927032038676754 0
2.34025032329562 0.08254865956781102 0
-1.011788458114073 -1.256611291191271 0
2.465884560658732 0.6208556418145563 0
1.577510270377654 -0.9471012189430781 0
-2.769610374092253 -0.5117300532699418 0
0.3126391250953449 -1.943517852988138 0
-0.1266947618624921 2.790089015125622 0
-2.326145458603916 -0.2849938157201537 0
0.07018681911340081 1.932417931218352 0
1.709108827247983 -0.3126477112560355 0
0.3541286390650635 -2.592924385700534 0
-2.38187038932953 -1.077611842696585 0
-0.8242294131788752 1.402015079781482 0
0.02020199538412431 -1.229847217144232 0
-2.886765539631477 -0.3801971319682498 0
-1.955307990843729 0.08781425385426241 0
0.8444358496972848 1.926201529049511 0
2.045853336915515 -1.587256209102667 0
-1.018310807066712 -1.356071258249488 0
2.332983192217196 -0.0163997226478298 0
-0.7672919018792996 2.289993428505645 0
1.04537153854326 0.02875519529529658 0
-2.799817593786388 0.3462552694195885 0
1.666395808159492 -0.9040082654222077 0
-0.8161729663588149 1.501991138104882 0
2.548093808593685 0.5650888365389035 0
-0.603799882143935 -2.792406142374889 0
-2.470342799112546 -1.119946334807343 0
-2.044979578573959 0.04338101402264861 0
-0.8627071070265434 2.147468409581988 0
-2.408608204631682 -0.2289573474382117 0
2.038611658772831 -1.686392750783705 0
-1.482496351434573 -1.78676499551981 0
-1.114163070993422 0.8669606592935375 0
1.634381632958831 -0.15907366730016 0
1.051539765800408 -1.106245957465992 0
2.41532402006686 -0.07270267877989721 0
-1.755974024141597 -0.8583446751288479 0
-1.104567839923149 -0.2642776626697521 0
2.195856000045696 1.636895123338642 0
-0.2237170617361325 -1.064009785435287 0
-0.9519302007323995 2.104086819855496 0
-1.783563791121952 -1.166807848774181 0
0.6530860538528375 -1.968245888222117 0
-0.8481270321662984 -1.367797719947107 0
-0.01199489317877198 1.98789193082147 0
-1.400175646785371 -1.842169248632297 0
0.6736512387368114 1.937670668847062 0
2.636623923335681 0.6067392745332458 0
2.062104436194876 0.9981523762784912 0
1.142602940179571 0.1731761729177619 0
1.723310631726215 -0.1155254749783641 0
-0.6467744110975664 1.488101745432366 0
2.119260796009752 -1.742351408730799 0
1.748384856336087 -0.9595645412638617 0
-1.035663600930097 2.159743117339693 0
0.3949099430163833 -1.998867613544868 0
1.05281264469209 0.1276383111806808 0
-1.968782089944773 -0.1092746078948096 0
-0.8234164201046734 -1.065015769321643 0
-2.312050551377324 -0.08695621147925352 0
1.335558588447704 0.4559721752732236 0
-1.406389846138523 -1.942465355485792 0
-0.8548668750999782 -1.471715718961665 0
1.745299548903085 -2.218926708272055 0
-1.059105706673244 -0.8065710794779035 0
-2.827060365198244 -0.05062820544996652 0
-1.763914405487531 -0.9600473619475207 0
-0.6384174210485759 1.588523964922359 0
2.318354329579082 -0.214351009579467 0
0.8965007236810644 -0.8968376853882265 0
2.021242356795193 -1.984778354594712 0
-2.058676712063657 -0.1538672992295869 0
1.648541726697575 0.03787068880964225 0
0.4678421168892783 2.699643686542665 0
-2.305045138599913 0.01188496615778989 0
2.069343553195491 1.097021463683451 0
1.843946087079568 -0.8180464186797225 0
-1.194008121556056 -0.3071157534459422 0
-1.130329045143943 2.017154628371138 0
0.9035956609974493 -0.798508400123613 0
0.09514053495723354 -1.383122153538176 0
0.3511242714607007 2.259951507956782 0
2.311060705534358 -0.3131718177924799 0
-1.235435002663115 -1.952899129336662 0
-0.4692862675617428 1.574212503655183 0
1.737507773083875 0.08156440882826765 0
-1.21957570343695 1.97377175058554 0
-2.387794149478001 0.06847754825386182 0
1.277984344488187 -0.3315591590429582 0
0.2690154006380735 2.315289255642091 0
-1.24157597462909 -2.05271929334503 0
0.5906429255529856 -1.616264435321855 0
-0.4607456463975424 1.674735099413224 0
2.393585091786651 -0.3699579803629457 0
0.5656896268931748 -2.011021893023488 0
-2.572512833873018 -1.155652473350804 0
-1.303771818528971 2.029436648143741 0
1.662737975573627 0.2348351895051252 0
-1.133547355693074 -0.6551406566912952 0
0.8080089405394331 -0.940094242852257 0
2.290649170987118 1.668886358093295 0
-1.450839867459647 -1.380943898274932 0
-2.290943436696677 0.2098059035569599 0
-0.495260041176267 -0.1476100654398299 0
0.5699153436334821 1.697518660960312 0
0.1869613072269597 2.370933212541932 0
2.737530101872025 0.6429322439529109 0
0.6438096971045035 1.544006509470253 0
1.751722082000974 0.2786975262729465 0
-1.397921380989957 1.886780572512901 0
2.296381756049366 -0.5111039636812793 0
2.158755833168709 1.140369914939415 0
-2.283996604881842 0.3087478200244056 0
2.108768724070388 0.4485104615357986 0
0.733838095245944 1.586702666347382 0
-1.16594333042394 -2.208062211850715 0
0.4802355422874886 1.654817916610232 0
-0.2676943203945266 -2.820225253385478 0
-0.3544156747800811 -2.861224470167183 0
-0.1020899483045415 -2.863918623465539 0
2.289172912605192 -0.6100516369755362 0
-1.319184104328585 -0.7410730061547267 0
-1.487126793130404 1.843332776554553 0
-0.3046714955042536 -1.008178584754974 0
0.8075745845805962 1.433215683858151 0
2.248147724751216 1.183830364615643 0
2.012004564450235 0.3088996661453709 0
-1.083653109176669 -2.26300805210754 0
0.8003675070351505 -1.038570563054525 0
1.677010992077402 0.4317867882346374 0
-2.366534206493261 0.3656553815438031 0
1.311076875605457 0.1591110324043515 0
0.8974761909476143 1.475810110621187 0
2.255169980545064 1.282459282070462 0
2.09444794727755 0.2513401300373295 0
2.371913840046056 -0.667337717913104 0
-0.9127953277255922 -2.273775219151129 0
0.1938730977988511 2.470353669863788 0
1.765850822086147 0.4756394541833397 0
0.9709074307097771 1.322496570742039 0
0.005219705490979732 -1.426854339142465 0
2.344756026728459 1.327011271645616 0
1.997723483881694 0.1113996898801563 0
-2.270149183036104 0.5071434515620054 0
0.2830482878057484 2.513726478082315 0
2.350594866518023 1.427323088953258 0
1.061232826490336 1.365034255626604 0
2.857056608431224 0.2272258694964226 0
2.062745915735326 2.042069927142222 0
2.274451982711129 -0.8080925631645147 0
-0.5804891920712836 -1.23346747535801 0
2.079815057340484 0.053988534490099 0
-2.263131431636213 0.6060180575688102 0
0.9147660344423517 2.713452816374234 0
0.2903737558122118 2.612861799685875 0
0.3474196588283374 -2.692297166027869 0
2.267297507259881 -0.9070311769773036 0
1.134714405966904 1.211693849783358 0
-0.6514170889947002 0.1439293363645632 0
1.983428679937495 -0.08634913004285356 0
-1.159564140834364 -2.108046899436965 0
-2.345360942517006 0.6630891119689748 0
0.2971620218915598 2.710666444073579 0
0.30536253889893 2.810296509560875 0
0.4286745911125735 0.9617530123898776 0
2.349521999788948 -0.9641825106573221 0
1.772933369989404 0.5736984073821259 0
1.224977209333942 1.253999958343123 0
2.065470342044684 -0.1437118836245685 0
-0.6153540193013431 1.981937511521451 0
-0.4304073077470493 -2.805449958259591 0
-0.7083150191212602 1.840503382943425 0
-2.249054068299585 0.8051040660113783 0
-0.9896154851140058 0.1704940106788089 0
1.969128295392728 -0.2839174800863372 0
-0.7922488087803824 1.895361920980299 0
1.667064560331153 1.473508583644183 0
0.9985431331769726 0.5732838917046263 0
-0.886339770199758 1.753939953598951 0
1.066073135555013 2.603848439100625 0
-0.7384938852383713 0.1018214984922594 0
1.298252337981324 1.101070006792459 0
2.051032537974343 -0.3415009790358497 0
-0.9704677066009981 1.808706916998518 0
-2.152257227671555 0.9459212326349624 0
-0.2296485344454671 0.5839927693477398 0
-1.687609570155851 -1.112681028213054 0
0.6968819019670924 -1.278220281883565 0
-1.064437301442365 1.667343519950889 0
1.954230538210694 -0.4811307895545372 0
1.391159986062749 1.14319763057369 0
-2.146177272101854 1.046306506418474 0
-0.3725629893421571 1.716240796568315 0
-0.9824153441041672 0.2675971873864997 0
-1.148705162765554 1.722043453812395 0
1.613077953688448 1.926940070020426 0
-0.3936440000655413 -1.04953604147242 0
2.342508917304214 -1.062515501178768 0
-2.848497115759017 -0.5750115340670241 0
1.47010436634777 1.087717209724531 0
-1.242576293826114 1.580728861729277 0
1.94770127416114 -0.5802890529057312 0
1.530826420813089 1.983079053123203 0
0.6712226455742801 0.7948930478282572 0
1.295248335258979 -1.272995406266377 0
0.7125758516898236 -1.081043793413775 0
-0.4743352681541002 -0.9935149670075554 0
-2.228071930694535 1.103426431951036 0
-1.288643700103172 -0.4490818394123953 0
-1.326984560581613 1.635357975909369 0
-0.06463102135378407 -2.419500272487562 0
2.031159709078374 -0.6404649889541505 0
1.36290649320027 1.988622152260187 0
-1.262472673802426 -0.05453356664775675 0
-0.818717313891077 0.1561274471418395 0
0.5288574708996888 -1.265296430974271 0
-2.131698096698475 1.243704852762419 0
-1.420795247981291 1.494074495706279 0
2.022685022015493 -0.7366646877910022 0
1.861627369076305 0.61694013612722 0
-1.505342135328293 1.548644000141898 0
1.191507707856845 2.00129070342127 0
1.943216564329324 0.5616921346208313 0
-0.9192464417808739 -2.373159360641143 0
-1.599506452897274 1.40726197051394 0
1.109472839358422 2.056117311987205 0
-1.56998161420389 1.898156131351483 0
-1.684434401961973 1.461635502794871 0
-0.9062696279130905 0.1134508121104898 0
2.0256255485568 0.5057145111636724 0
-0.9256648491617016 -2.472284507702796 0
0.7049208498542255 -1.179610763895552 0
2.398615265048844 -1.52352578307722 0
2.486077462413294 -1.467095010078854 0
-0.931661465432882 -2.571884590230893 0
-1.783827681202533 1.220670472247911 0
-1.652362554180599 1.953998877167604 0
-0.4270682583829404 0.919824378212055 0
2.424269999983846 -1.11871388839271 0
1.926603592090673 -0.876627610136016 0
-1.734809052883017 2.00975580931412 0
-1.336677995369703 0.1990451549521497 0
-1.815237027090473 2.065350232860345 0
2.505367820635409 -1.170636623243461 0
2.009659408230901 -0.9366036563767675 0
-0.4676704678389307 -0.8968079152014117 0
2.00114555150143 -1.034091694912674 0
2.731606581384937 0.7508335821710089 0
2.846044300090105 0.6221500521556116 0
-2.780151247357046 -0.7975248330236299 0
-0.9747868298801203 0.3638555370695225 0
-1.800452259617501 2.272224349160867 0
-2.642952848934302 -1.227587134943676 0
0.2667688734622424 2.905872665077775 0
-1.070414242397589 -2.712753492306398 0
1.92559856563847 -2.186310738849831 0
2.689678240107207 -1.081071407310308 0
1.37708965160278 2.574981110601004 0
-2.561281457813189 -1.394799541153776 0
0.07628889010776396 2.916431077597767 0
1.197235884451922 -2.65590466694955 0
0.4614845666776443 -2.880769822609905 0
2.189610626287677 -1.901809972838886 0
-2.752464444167845 0.9542090619013621 0
-0.7898902624516524 2.807436880755196 0
-2.885911559021173 0.3930041490623964 0
2.204804473314615 1.911622791884872 0
-1.969480873146994 2.1548918154867 0
2.623528952113928 -1.270320096622867 0
2.830856601848239 -0.7194447546706932 0
-0.1232188886565717 2.89443415403983 0
-2.465780679497658 -1.563786253408064 0
1.780220477524232 -2.310074353250089 0
1.20351492379705 2.662381944703807 0
-0.9760009286421737 2.749611280472598 0
1.545945190767015 2.475204237060217 0
-2.647355113554523 1.219394605667694 0
-2.687431061642379 1.13284718963333 0
-2.299019190383884 -1.796168743371095 0
-2.354085129678147 -1.718620291026285 0
2.38429522431501 1.681341532812215 0
2.330513088004461 -1.762056811884836 0
-2.514252261398171 1.477186541617585 0
-0.3658932252887837 1.814288331545455 0
0.5210726161470703 -1.363864268893305 0
-2.214290469711932 1.300336442499172 0
-2.296671197980836 1.356293833610313 0
-0.4477470168372544 1.869987622191148 0
-2.374369116515505 1.41278087683594 0
-0.5305705699799517 1.925953951127232 0
-2.562749503035813 1.394532292987122 0
2.882414537658408 0.4362291125277379 0
-1.808793067964837 2.164276442947578 0
0.5145339730970563 -1.463078091463571 0
-1.056316932077028 0.4188974686653406 0
0.0008156876282259068 0.8305846441527928 0
0.7837390519679394 0.004439448519231838 0
1.550618392265943 1.031878235401724 0
0.3865070816054313 2.750027585676467 0
-0.4446979525067719 -1.745717135012929 0
0.8255639459438513 -1.88222134538288 0
0.5089669722642034 -1.561353648763911 0
0.3227714790096072 -0.5027638656700166 0
-1.139504333139616 0.4759291257240895 0
-2.913494737203178 -0.09829890015540957 0
1.639401328431624 1.075033163589332 0
-0.5484455557706973 -0.8421527138433145 0
2.702195857224229 -0.7888204160615825 0
1.646516463626751 1.17305945462279 0
2.04338508046904 1.942187365947532 0
1.197512668213478 -1.416354462837143 0
1.653953032495619 1.272128130771642 0
-1.251540202172793 2.630818619679928 0
0.6767279945831401 -1.57153169805838 0
1.191570782740373 -1.517104251377595 0
-0.3722127157118466 -1.898744319629589 0
-0.4495057456248478 -0.6096008901514984 0
0.1238458322201125 2.826548222845397 0
-0.6868145445575899 -2.839104654671323 0
1.117823454101612 -2.598753047319344 0
1.660936048109154 1.372505230070204 0
0.9913645543078385 0.4765336982651565 0
1.272132708517734 -1.576022419865623 0
-0.8527597147657155 1.002195496454982 0
2.355327100222097 1.524116920452051 0
1.586083794279923 1.525425469036765 0
0.7583349655901478 -1.626624086249724 0
-0.5521767977488118 -1.99524955263171 0
1.593094020040671 1.624179819455329 0
-1.249070611781874 -2.641263290713611 0
-1.225454987342226 -0.6979133773085135 0
-2.176868350355687 -1.938094711735767 0
-0.6352332606014001 -0.8830758895557245 0
1.600057481754827 1.722959111031202 0
-2.712949986815626 -1.040729068324076 0
-1.723161854684609 -0.3686000708084857 0
-1.98015797911675 -0.3024298277473602 0
0.8397408934517337 -1.681989814423835 0
1.607325213041906 1.823517551340382 0
1.175943299366792 -1.713690582625059 0
-0.4757831869853348 -2.144323129135129 0
2.490673748998843 -1.373374129518689 0
0.2382936473270324 0.7769001588056292 0
-1.810072428203003 -0.4123739247102575 0
1.169609109836062 -1.813859406459282 0
-1.902186195558637 -0.4543803454839497 0
-0.5644975075886229 -2.193374618367214 0
-1.083975985695644 2.612914113687036 0
0.06499034048645295 -2.916243227149058 0
1.249609306071784 -1.873179318524407 0
0.8332046605570549 -1.782282157853326 0
2.874504746638267 -0.5267537710372311 0
1.152621595846926 -2.008515780870416 0
-0.8714545562380723 -1.667832612823162 0
0.3405867072405044 -2.795388595030235 0
1.146328476695931 -2.107706619309773 0
2.327049660363929 1.762671620141575 0
0.7398683173635814 -1.92606114256697 0
-0.7179930331423516 -0.8274980107385219 0
1.313191316857175 -2.229688116871213 0
-0.1528747445047474 -2.468261024678548 0
1.114360102861858 2.156194120434478 0
1.30443050631076 -2.324848578185052 0
-2.792345331017443 0.4420208465208817 0
-0.07606403216429766 -2.618887232815762 0
1.121006452323878 2.255142163541715 0
-0.07905188297805241 -2.71240872898831 0
1.128238355686315 2.353839081421655 0
-0.7588411843716185 1.15109378954655 0
1.217049786877951 2.397410436582565 0
0.7325507916812026 2.828858470083461 0
-0.6057047461118884 2.847847080524391 0
1.301140421515942 2.439568518958231 0
-0.1960752342512559 0.660053926163175 0
-1.513065588705593 -2.389787080262984 0
-2.072730851204279 -0.3492722576087384 0
-1.669901713299814 -2.404918786526514 0
0.7341348549971212 -2.027367369512807 0
-2.183585098456863 1.691286851889217 0
1.228153667919589 -2.167836153508099 0
-0.8788337354157855 -1.765856040319835 0
-2.169598675834967 1.790758512985514 0
-0.7985516543558132 -0.7734292334691117 0
1.297326757257466 -2.422228745585784 0
-1.354316003766943 2.478297752476948 0
2.07790198208747 -2.058856297370959 0
-1.214499128591313 0.628756442608482 0
0.8160519544352361 -2.08300416004352 0
-0.5747079436027557 0.08561210534579594 0
-2.902943376077753 0.1976802602228113 0
-1.296723194011583 0.6856016810647494 0
1.033346836395189 -2.639727208417676 0
-0.9732863979397928 -0.8578174491491559 0
0.8956029597718647 -2.137136874330261 0
0.4271667569335158 0.4003851295115444 0
-2.910481754179464 -0.1948248199072292 0
-1.067860416580181 2.711760979525904 0
-0.7751597662451365 -1.530410268735983 0
-2.553105340266186 1.238724259768429 0
0.7376969147954529 0.450217633407778 0
-0.8847545498832086 -0.8145052944187632 0
0.8908128518534467 -2.234337494840856 0
-2.175053399117791 1.948967512908336 0
-1.507186467438401 -2.494029545248009 0
-1.67949101446838 -2.256494195865268 0
2.386834798778617 -1.686104538758671 0
0.9709413872890655 -2.291345244775684 0
0.9665193877707139 -2.388588819834649 0
1.045422307737925 -2.44298256982155 0
-0.9285680648705237 -2.658081512614924 0
-0.5902293286760527 -0.2995407054599371 0
1.835821114965936 -2.156259766153906 0
1.039067891209165 -2.541400838333849 0
1.464541787343421 -2.434457988589727 0
-0.4618592224893571 -1.946306981760499 0
-2.10307739815338 2.023778014015272 0
0.4257826401260388 -0.3826842042230042 0
-2.108900735432649 -2.01456274078301 0
2.591134627620149 -1.126066635836536 0
-0.903344930914878 2.690854023099997 0
0.9306422628611626 -2.769596731373503 0
-0.6850798967590664 -0.3395594021868169 0
1.019793557518651 -2.733916675977637 0
-1.512704882725424 2.492285467123685 0
0.4589494257740206 2.886946804144309 0
2.118431738273665 1.885525817982753 0
1.377996599734006 -2.478416096384807 0
-0.03304345882900545 -0.7775733428909595 0
-1.344355743809859 -2.497020526343447 0
-0.04453667685081493 2.82615385916054 0
1.463741895811371 2.430991904088702 0
-1.829166232897703 -2.291679746935709 0
-2.863595912914968 0.5828097195672031 0
0.5252273502905784 -0.2389443771165931 0
-0.357246605036548 0.6758600955076797 0
-2.660483756247081 0.9848126302498833 0
1.017433806433516 2.743406239651154 0
1.629367530462438 2.419039570926941 0
-0.3069892850482875 2.90879835646698 0
2.59647405608335 1.358081479110073 0
1.547107460098268 -2.477408022413299 0
-2.328164939435126 -1.624763620389732 0
-1.887295263275322 2.118874535178593 0
1.63076422153312 2.318047977124794 0
-0.3593380781645555 -0.5753292575321873 0
0.7043384336449414 0.0707396008993685 0
-1.340337863920581 2.588810139952073 0
-0.5835152956743563 -0.008985530740552741 0
2.909643800506296 -0.2282131477060319 0
-2.831115271180562 -0.2380757296955197 0
0.497799687800968 -2.795138855954601 0
2.789161320046151 -0.9119937598193314 0
0.1104301758958707 0.5227423893749373 0
1.381944084491612 2.480850644288646 0
2.792936638123986 0.4831858647205554 0
1.630212607756437 -2.425680488401041 0
2.18641691040343 -1.796834271263416 0
2.817724339673751 -0.3625433595073678 0
1.792407190552745 2.304646978070041 0
-1.529730822503403 2.385399941107551 0
-1.335704803067071 -2.594797210678655 0
2.651664206724046 1.005148585518461 0
-0.2948333593202517 -0.6273102641080501 0
-1.839427997846979 -2.143152448700746 0
0.616215356333927 -0.2015458809761466 0
-0.8119597867699218 2.727023226423519 0
2.811397030976147 0.8023054977042168 0
0.7634676186833047 -2.763609719542282 0
2.829365442267055 -0.05371730326418177 0
-0.4746298460224241 0.3032361322285978 0
2.502276959404524 1.529109619386982 0
0.8535380412986147 -2.719013339327266 0
-2.765835048379173 -0.6124788451095843 0
-2.161311553624866 -1.837798532715747 0
-0.429523047880762 -2.89325870800931 0
0.7287423973745086 0.2310264337008388 0
-0.5156893790561025 -0.05766164014353665 0
2.88805429369822 -0.4287015474742806 0
2.679360792641033 1.187460956823767 0
-0.4576274346193602 2.808564437910502 0
-0.5576239899397031 0.4696934223563531 0
-0.03248913899014907 0.7429755332550783 0
1.910888861539842 -2.107037847027867 0
-0.5749989170239925 0.3825715322708803 0
-2.309508789782721 1.810576271491146 0
-0.5211163508465805 -0.2381220459870588 0
-2.479266456322359 -1.403723055476599 0
1.299883710370423 2.529500950402511 0
-0.0694686915537088 -2.792254829466965 0
2.775209817193802 0.9164467158836395 0
-1.17591715884506 -2.592118137661244 0
1.795548257915829 2.208528233288586 0
2.920345486455434 -0.129121282797143 0
0.2680200950729237 -2.923508034057333 0
2.555602771562861 -1.429874384745019 0
-2.771783725673809 0.6277985530777389 0
2.79100818691232 -0.5554427462580298 0
2.347856006604288 1.607842938153375 0
2.936938967531021 0.05187435310256271 0
0.7414893186753402 0.3677875784012894 0
-0.1036940813455287 -0.6353958276930319 0
-0.6057887886969576 -2.873490195266932 0
-0.199253556022483 2.827240233264376 0
-2.790795920876514 -0.8799140728863604 0
-2.556206629496723 -1.245120807478764 0
0.1429155599557105 0.7535433400232283 0
-1.676719286004731 2.415377627706096 0
-1.980511497797967 -2.170385430143716 0
0.3342805913969426 0.6112816534696437 0
-2.764285019887478 -0.7037260281189492 0
-0.2583122373633789 -0.4550352701983528 0
0.6539940767398098 2.865335267469212 0
2.183124285946924 1.834686996812076 0
-2.427828305165306 1.655011261926833 0
1.63094422278108 -2.339494762638109 0
0.6395676330841392 0.1288170474367199 0
-2.437177486970932 1.463623893982085 0
0.2153002334459356 2.845623593858073 0
-2.646852771739084 1.06556246946319 0
-0.889861346812167 -2.801028384382267 0
0.06680819029640331 -0.5629856651032488 0
0.9364636752311759 2.787242497424305 0
2.094596939123992 -1.916094137968264 0
2.575640691822985 -1.208567203637869 0
-0.2941221062323643 -2.913322837535807 0
0.02647523416441227 2.854592726254271 0
1.219643379940657 2.575421405918332 0
0.2107721091026971 0.5536018324852087 0
-2.529221210038292 1.325764374067738 0
-1.957782150419143 2.076096781821774 0
-0.005763446366142361 -2.846712200947236 0
2.487082119804971 -1.546324989269563 0
2.833095068766554 0.1446975540552019 0
0.4109623184738597 -2.821453731340868 0
-0.7297258939557169 2.761685965277922 0
0.7060568513252417 -0.1709004191742493 0
-0.1222771932733883 -2.940812227583645 0
2.363772616946159 -1.60882121219488 0
-2.626249078273092 -1.084455982963064 0
2.665933712206388 -0.9875700157755922 0
-2.151588692140959 1.871908290372235 0
2.775978045322337 -0.6519947397977897 0
0.3989360227275096 2.826589068630077 0
0.756038642451257 -2.842111873329766 0
2.250969065731718 -1.761021567133651 0
-1.095408246507721 -2.634525025866044 0
-2.389101433786331 -1.568983434528487 0
0.5101797444128749 0.1107756323254858 0
0.6289800051956064 -2.861536537642246 0
-0.4638420162605139 0.550652181680954 0
0.3516902508480152 -0.4363899868518624 0
0.404832666181176 0.3273949690979611 0
-0.5402051352969788 -0.3635779722670447 0
-2.829951484215756 -0.3208118983520847 0
1.135880290917345 2.62316233512212 0
0.4996676413974918 0.4321848337812386 0
-0.1860925761140724 0.5240843422095782 0
2.760750977029786 -0.7490380346734231 0
-2.835079258911211 -0.7451842754348154 0
-1.702995795018512 2.282228718016245 0
0.09008121592281773 0.8112683029075187 0
-2.223188021523772 -1.78811364924521 0
1.947331373994406 2.207775105012846 0
2.791237355775278 0.5615077672469498 0
-0.2704306469979474 0.6422068049275369 0
1.70819249785954 -2.295675920422481 0
-2.686077587261998 -0.9562859650417725 0
-0.4414781360075 2.898585694444841 0
-0.4609280403040177 -0.3764287114341986 0
2.933644598711587 0.2425711787609913 0
-1.99280571145956 -1.924143895293995 0
$EndNodes
$Elements
2 6645 1 6645
1 2 1 27
1 1 3 
2 3 4 
3 4 5 
4 5 6 
5 6 7 
6 7 8 
7 8 9 
8 9 10 
9 10 11 
10 11 12 
11 12 13 
12 13 14 
13 14 15 
14 15 16 
15 16 17 
16 17 18 
17 18 19 
18 19 20 
19 20 21 
20 21 22 
21 22 23 
22 23 24 
23 24 25 
24 25 26 
25 26 27 
26 27 28 
27 28 1 
2 1 2 6618
28 250 2966 1991 
29 1966 2304 1968 
30 1975 2048 1974 
31 2561 2823 233 
32 115 2147 114 
33 1289 2115 2010 
34 226 2917 2038 
35 1991 2964 250 
36 1973 1975 1974 
37 2022 3299 8 
38 943 2301 945 
39 7 2022 8 
40 1969 2304 1966 
41 2019 2780 1155 
42 242 2031 2030 
43 2673 3101 287 
44 2300 3274 1432 
45 2813 3218 283 
46 287 3256 2673 
47 1022 2113 1020 
48 2554 2556 261 
49 2301 3274 2300 
50 226 3232 2917 
51 214 3295 218 
52 2581 3218 2813 
53 233 2824 2561 
54 1758 2144 2029 
55 2621 3251 227 
56 227 3223 2621 
57 1156 2113 2023 
58 242 2032 2031 
59 247 2709 2708 
60 267 2034 2026 
61 1003 2041 1001 
62 280 2850 2016 
63 2029 2144 581 
64 2028 3203 266 
65 2016 2860 280 
66 2013 3265 3103 
67 35 3095 34 
68 39 2268 235 
69 2700 2872 217 
70 261 2555 2554 
71 1112 2129 1114 
72 1276 2300 2133 
73 127 2860 126 
74 295 2036 2034 
75 2048 2050 1268 
76 1001 2041 1223 
77 2147 3342 2187 
78 231 3342 2147 
79 2060 2061 1295 
80 3270 3306 2666 
81 245 3115 2059 
82 281 3306 3270 
83 2133 2299 1276 
84 2026 2035 267 
85 2025 2138 1389 
86 2010 2129 1289 
87 2047 2842 236 
88 231 2147 115 
89 114 2147 274 
90 2043 3394 2018 
91 1961 3394 2043 
92 278 3099 2942 
93 2027 2033 274 
94 1155 3189 2019 
95 943 2302 2301 
96 1389 2138 1291 
97 2548 3026 269 
98 2584 3264 2556 
99 3178 3264 2584 
100 2010 2115 1978 
101 88 3159 232 
102 2909 3244 1068 
103 1956 2043 2018 
104 218 3295 2634 
105 3221 3250 2642 
106 2061 2113 1295 
107 296 3250 3221 
108 2044 2045 262 
109 52 2995 51 
110 239 3171 2037 
111 3123 3124 1752 
112 1295 2113 1022 
113 1020 2113 1156 
114 259 3285 2724 
115 2023 2122 1156 
116 2708 2710 247 
117 269 3283 2548 
118 2139 2189 1426 
119 37 3336 3313 
120 3098 3139 2020 
121 2050 3281 1268 
122 2724 3349 259 
123 3313 3336 2040 
124 945 2301 1276 
125 1974 2051 542 
126 2947 3203 2028 
127 2852 3276 3117 
128 2942 3385 278 
129 512 2354 514 
130 274 2147 2027 
131 1997 3126 3125 
132 2584 3320 3178 
133 295 2037 2036 
134 2587 3338 3305 
135 3103 3265 288 
136 2103 3146 1415 
137 1243 3227 977 
138 289 3154 2603 
139 3305 3338 282 
140 2042 2465 1746 
141 2077 2829 2318 
142 1746 2465 1322 
143 884 2165 882 
144 1962 2022 7 
145 2342 2948 970 
146 1954 1955 559 
147 1953 2025 527 
148 566 1975 1973 
149 1973 1974 542 
150 541 1966 1965 
151 1976 1978 570 
152 538 1977 1976 
153 497 2102 1992 
154 290 3377 2966 
155 451 2286 450 
156 3115 3370 2059 
157 2966 3377 3335 
158 2055 2342 920 
159 2208 3228 234 
160 450 2286 2065 
161 129 3045 128 
162 1602 2384 1604 
163 1389 2139 2025 
164 40 2268 39 
165 919 2053 2052 
166 522 2353 2107 
167 238 2835 2063 
168 2055 2948 2342 
169 3117 3349 2852 
170 2062 2438 983 
171 1904 3170 1409 
172 983 2879 2062 
173 232 3159 2645 
174 1289 2129 1112 
175 1114 2129 1222 
176 852 2196 849 
177 2823 2995 233 
178 572 2438 2056 
179 2056 2438 2062 
180 852 2197 2196 
181 2630 3236 2627 
182 2644 3293 3231 
183 1943 3332 2950 
184 446 2287 444 
185 2039 3336 235 
186 2250 2252 968 
187 2113 3402 2023 
188 2603 3298 289 
189 34 3095 297 
190 270 3095 35 
191 3178 3320 221 
192 3314 3318 2000 
193 2076 3084 2074 
194 503 2255 501 
195 858 2213 853 
196 1580 2187 1578 
197 234 3331 2208 
198 20 3357 1980 
199 1964 2022 1962 
200 2029 3316 1758 
201 1291 2138 1412 
202 3304 3324 218 
203 2681 3324 3304 
204 227 3251 2625 
205 2030 3195 242 
206 262 2046 2044 
207 1981 2102 497 
208 1322 2465 1313 
209 1313 2465 2464 
210 228 3105 2024 
211 1770 3146 2103 
212 2317 3215 2400 
213 280 2860 127 
214 126 2860 258 
215 2054 2344 972 
216 248 3307 3275 
217 1085 2111 1087 
218 2037 3317 239 
219 2548 3283 3000 
220 2464 2466 1313 
221 268 3262 2722 
222 543 3280 1954 
223 2268 3308 235 
224 3275 3307 2618 
225 2868 3210 3112 
226 1068 3244 2354 
227 2910 3119 293 
228 866 2385 863 
229 2072 2074 1144 
230 2049 3327 2051 
231 972 2458 2054 
232 1992 3367 1953 
233 507 2905 505 
234 3327 3330 2051 
235 2010 2130 2129 
236 2625 3278 227 
237 1979 3291 2132 
238 1608 2343 1610 
239 2872 3348 217 
240 296 3221 2621 
241 2466 3207 3057 
242 220 3318 3314 
243 1691 2322 1475 
244 1600 2913 2214 
245 2074 3084 1144 
246 2068 2070 1151 
247 3283 3368 3000 
248 247 3165 2709 
249 1956 2018 559 
250 880 2190 878 
251 217 3017 2700 
252 6 1962 7 
253 4 1957 5 
254 1 2018 3 
255 20 1980 21 
256 15 1993 16 
257 2780 3355 1155 
258 1143 2111 2079 
259 527 2021 25 
260 26 2021 543 
261 543 1954 27 
262 28 1954 559 
263 24 1953 527 
264 14 2029 581 
265 542 2029 13 
266 566 1973 11 
267 10 1965 566 
268 541 1965 9 
269 12 1973 542 
270 538 1976 18 
271 19 1976 570 
272 23 1992 1953 
273 497 1992 22 
274 2020 3406 3098 
275 2051 3316 542 
276 2621 3223 296 
277 1087 2111 1143 
278 16 2950 17 
279 980 2214 2199 
280 1943 2950 1754 
281 1751 3088 2365 
282 1412 2102 1432 
283 2193 3192 2308 
284 2010 3399 2130 
285 2253 2905 507 
286 458 3237 456 
287 236 3217 2047 
288 474 2195 472 
289 2824 3338 2560 
290 2064 2066 1154 
291 1425 2139 1426 
292 1152 2081 2080 
293 1746 2467 2042 
294 2953 3095 270 
295 1389 2189 2139 
296 2107 2355 522 
297 3109 3303 1990 
298 2383 2384 1745 
299 2080 2128 1152 
300 1745 2384 1602 
301 2308 3192 1724 
302 2034 3286 295 
303 2126 3150 2320 
304 571 3060 2119 
305 2318 2829 579 
306 509 2253 507 
307 1154 2128 2064 
308 2318 3215 2317 
309 1752 3245 3123 
310 2842 3000 236 
311 1725 3149 1425 
312 1068 2354 512 
313 514 2354 522 
314 233 2995 52 
315 51 2995 272 
316 3112 3210 275 
317 1147 2085 2083 
318 2052 2190 919 
319 2304 3220 1968 
320 1026 2200 1024 
321 2126 2320 2319 
322 1763 3024 1446 
323 899 2467 2114 
324 2561 2824 2560 
325 1745 2385 2383 
326 516 2355 518 
327 1003 3143 2041 
328 920 2343 2055 
329 3125 3408 1997 
330 1954 3280 1955 
331 2616 3290 3284 
332 270 3094 2953 
333 279 3278 2625 
334 2119 2365 571 
335 977 3227 2165 
336 2625 3310 279 
337 1751 2365 2119 
338 2051 3330 1758 
339 1060 2355 2106 
340 862 2385 2058 
341 225 2629 122 
342 3291 3309 2132 
343 987 2121 2120 
344 2287 2879 983 
345 2061 3402 2113 
346 2214 2913 2199 
347 2131 3059 2357 
348 2630 2868 257 
349 2097 3050 2099 
350 2252 2255 968 
351 882 2165 919 
352 482 2471 480 
353 977 2165 884 
354 1027 3011 1029 
355 2199 2213 980 
356 1295 2200 2060 
357 2065 2287 450 
358 2079 2316 1143 
359 89 3159 88 
360 1149 2097 2095 
361 2888 3033 2214 
362 3284 3290 260 
363 293 3258 2910 
364 1452 2110 1456 
365 2633 3339 3315 
366 2917 3232 284 
367 1456 2110 2109 
368 2058 3033 2888 
369 2317 3170 1904 
370 1144 2263 2072 
371 2379 3082 788 
372 1056 2382 2094 
373 2021 3263 543 
374 3231 3293 254 
375 2077 2318 2127 
376 980 2213 858 
377 2118 2470 489 
378 444 2287 983 
379 485 2326 2091 
380 982 2181 2057 
381 1753 2470 2118 
382 257 3236 2630 
383 450 2287 446 
384 2476 3193 3187 
385 2104 2381 1423 
386 1065 2325 2092 
387 852 2213 2197 
388 1578 2187 1939 
389 1076 2346 2090 
390 1040 2263 1081 
391 1151 2272 2068 
392 267 3286 2034 
393 1425 3149 2139 
394 277 2207 2206 
395 2243 2245 580 
396 456 2286 451 
397 849 2196 848 
398 3187 3193 2114 
399 2095 2124 1149 
400 848 2196 2183 
401 486 2329 2093 
402 919 2165 2053 
403 1758 3316 2051 
404 968 2255 503 
405 3129 3137 2537 
406 501 2255 574 
407 2162 3051 331 
408 1418 2380 2105 
409 2033 3110 274 
410 1904 2316 2127 
411 2309 2911 2310 
412 2057 2307 982 
413 2183 2313 848 
414 1149 3050 2097 
415 122 2629 121 
416 982 2313 2181 
417 936 2307 2193 
418 1019 2134 1021 
419 1288 2266 1387 
420 279 3310 2555 
421 679 3059 2131 
422 2868 3112 257 
423 223 3045 129 
424 574 3239 2911 
425 128 3045 280 
426 2310 2911 1688 
427 2108 2379 979 
428 1423 2382 2104 
429 2027 2187 1580 
430 853 2213 852 
431 970 2948 2384 
432 2070 2263 1151 
433 2058 2888 862 
434 2322 3088 1751 
435 273 3139 3098 
436 2105 2381 1418 
437 2722 3262 2723 
438 784 2511 2140 
439 2320 3150 1664 
440 979 2380 2108 
441 2140 2511 1792 
442 1031 2279 1033 
443 2181 2313 2183 
444 938 2302 939 
445 522 2354 2353 
446 580 2253 509 
447 1036 2272 1038 
448 2383 2385 866 
449 863 2385 862 
450 2066 2272 1154 
451 2384 2948 1604 
452 2319 2321 2126 
453 2193 2307 2057 
454 1764 2159 2150 
455 215 3295 214 
456 1142 2467 918 
457 2195 3060 571 
458 3280 3311 1955 
459 2300 3347 2133 
460 1610 2343 2054 
461 968 2905 2250 
462 2055 2343 1608 
463 3162 3261 1706 
464 513 2997 511 
465 2083 2279 1147 
466 1153 2134 1019 
467 1993 3323 16 
468 1316 2598 2116 
469 985 2153 1054 
470 238 3138 2835 
471 2434 3346 2123 
472 16 3323 2950 
473 2109 2163 1456 
474 2024 3351 228 
475 985 2154 2153 
476 1152 2279 2081 
477 284 3369 2917 
478 1453 2229 1455 
479 235 3308 2039 
480 2125 2322 1691 
481 1475 2322 1751 
482 2125 2321 567 
483 478 2231 476 
484 3002 3201 1948 
485 919 2190 880 
486 878 2190 972 
487 2112 2134 1153 
488 2108 3082 2379 
489 976 3222 3183 
490 2124 3011 1027 
491 1153 2150 2112 
492 285 3201 2032 
493 2063 2994 238 
494 8 3299 541 
495 2090 2667 1076 
496 2018 3394 3 
497 1762 2285 1776 
498 2091 2564 485 
499 987 2231 2121 
500 2555 3354 279 
501 3315 3339 244 
502 1975 2050 2048 
503 2092 2539 1065 
504 2048 2049 1974 
505 2114 2467 1746 
506 472 2195 571 
507 2245 2253 580 
508 987 2195 474 
509 1415 3146 2106 
510 464 2321 462 
511 2229 3051 2162 
512 505 2905 968 
513 2045 3358 262 
514 1957 3398 5 
515 2117 3280 543 
516 2032 2116 2031 
517 2965 3321 166 
518 2093 2524 486 
519 491 2667 2447 
520 1076 2564 2346 
521 2628 2629 225 
522 2596 3243 3194 
523 527 3397 2021 
524 2950 3332 538 
525 542 3316 2029 
526 485 2539 2326 
527 2080 2351 2128 
528 3194 3243 232 
529 2094 2505 1056 
530 2471 3055 561 
531 2666 3231 254 
532 1164 2284 1010 
533 1065 2524 2325 
534 3057 3207 1928 
535 1903 2808 2316 
536 2056 3170 572 
537 1024 2200 1295 
538 1155 2200 1026 
539 1017 2160 1153 
540 561 3055 2232 
541 2111 3084 2076 
542 2255 3239 574 
543 570 3357 20 
544 282 3338 2824 
545 2136 2284 1164 
546 486 2505 2329 
547 1452 2271 2110 
548 1977 3332 3257 
549 456 3237 2286 
550 2133 3347 1981 
551 3257 3399 1977 
552 187 3302 3287 
553 2059 3188 245 
554 3117 3276 291 
555 2160 3024 1763 
556 1964 3374 2022 
557 1981 3347 2102 
558 166 3371 2965 
559 522 2355 516 
560 965 3177 2968 
561 518 2355 1060 
562 1025 2124 1027 
563 266 3359 2028 
564 2123 3322 2434 
565 1624 2924 2232 
566 1647 3244 2909 
567 2127 2316 2079 
568 2464 3207 2466 
569 985 2282 2154 
570 2436 3322 2772 
571 1761 3168 2285 
572 2040 3336 2039 
573 2725 3285 79 
574 1965 3403 566 
575 2128 2351 2064 
576 2343 2344 2054 
577 480 2471 561 
578 2470 2471 482 
579 2153 2570 1054 
580 2772 3362 2436 
581 1385 2798 2267 
582 2094 2382 1424 
583 2116 2598 2031 
584 1016 2160 1017 
585 2254 2997 513 
586 1409 3170 2056 
587 2156 2282 841 
588 1999 3391 3128 
589 1626 2458 1628 
590 3103 3386 2013 
591 2232 2924 2121 
592 1385 2267 2266 
593 1313 2466 924 
594 924 2466 1339 
595 1423 2381 1410 
596 1149 2124 1025 
597 1035 2128 1154 
598 3191 3196 2454 
599 1152 2128 1035 
600 2214 3033 1600 
601 566 3403 1975 
602 2043 3362 1961 
603 588 3196 3191 
604 2710 3256 287 
605 2032 3340 285 
606 515 2254 513 
607 2120 2195 987 
608 3106 3372 3164 
609 2127 2317 1904 
610 180 3269 3267 
611 1085 3084 2111 
612 2447 2667 2090 
613 1081 2263 1144 
614 459 2505 461 
615 1151 2263 1040 
616 2190 2458 972 
617 573 2254 515 
618 2106 2355 2107 
619 2896 2903 2179 
620 2380 2472 2105 
621 1753 2471 2470 
622 1953 3367 2138 
623 463 2524 465 
624 3042 3185 1357 
625 3106 3164 240 
626 1147 3011 2085 
627 2346 2564 2091 
628 1919 2710 2708 
629 567 2322 2125 
630 1385 2266 1288 
631 2106 3146 1060 
632 3161 3169 1926 
633 1387 2266 2026 
634 1424 2382 1423 
635 467 2539 469 
636 1302 3227 1243 
637 553 3169 3161 
638 1990 3369 3109 
639 1446 3024 1761 
640 1412 3367 2102 
641 1157 2302 938 
642 1410 2381 2105 
643 939 2302 943 
644 981 3074 3071 
645 254 3270 2666 
646 876 2344 874 
647 1764 2150 1763 
648 3023 3167 2506 
649 1147 2279 1031 
650 3071 3074 2140 
651 2026 2266 2035 
652 1038 2272 1151 
653 2326 2539 2092 
654 2157 3091 3086 
655 471 2564 473 
656 1033 2279 1152 
657 1930 3211 2501 
658 249 3303 3109 
659 1029 3011 1147 
660 918 2467 899 
661 1154 2272 1036 
662 3086 3091 779 
663 2042 2467 1142 
664 979 2472 2380 
665 948 3067 3064 
666 1930 3213 3211 
667 541 1967 1966 
668 1955 1956 559 
669 1978 1979 570 
670 1966 1968 1965 
671 1991 3213 1930 
672 3064 3067 2141 
673 1953 2138 2025 
674 2356 3200 1302 
675 574 2911 2309 
676 1761 2285 1762 
677 1455 2229 2162 
678 2068 2272 2066 
679 476 2231 987 
680 1456 2229 1453 
681 561 2231 478 
682 1055 3056 3047 
683 2325 2524 2093 
684 2150 2159 2112 
685 2087 2124 2095 
686 3047 3056 2142 
687 2103 3162 1770 
688 475 2667 477 
689 3024 3168 1761 
690 1276 2301 2300 
691 259 3349 3117 
692 842 2282 905 
693 2072 2263 2070 
694 489 2968 2118 
695 1419 2380 1418 
696 2099 3050 2134 
697 2537 3363 3129 
698 363 2177 361 
699 1427 2570 1428 
700 2108 2380 1419 
701 926 3041 3035 
702 2240 2254 573 
703 1771 3068 2131 
704 2414 3019 2415 
705 2382 2623 2104 
706 1314 2381 2104 
707 1056 2623 2382 
708 1960 2122 2023 
709 2126 2321 2125 
710 567 2321 464 
711 1418 2381 1314 
712 3035 3041 2143 
713 1153 2160 2150 
714 2645 3194 232 
715 2329 2505 2094 
716 462 2321 2319 
717 2357 3059 1700 
718 3042 3049 1769 
719 1771 3072 3068 
720 1947 3273 3260 
721 265 2635 2207 
722 1688 2945 2310 
723 1776 2285 2284 
724 2446 2978 2814 
725 1769 3049 2135 
726 576 2176 2174 
727 79 3414 2725 
728 1450 2323 2271 
729 978 3030 3025 
730 1010 2284 1012 
731 580 2997 2243 
732 3025 3030 2145 
733 2154 2282 2156 
734 2316 2808 1143 
735 1975 3403 3032 
736 1759 3174 2476 
737 3048 3058 961 
738 931 3022 3018 
739 1289 3163 2115 
740 963 3197 3147 
741 3018 3022 2146 
742 1840 3058 3048 
743 3124 3365 1752 
744 3098 3406 229 
745 1903 2316 1904 
746 2627 3236 2629 
747 2081 2279 2083 
748 286 3379 2614 
749 3016 3136 973 
750 788 3082 2511 
751 511 2997 580 
752 3021 3029 930 
753 2953 3410 3095 
754 2476 3187 1759 
755 3249 3262 100 
756 2037 2992 2036 
757 3183 3222 2308 
758 1786 3029 3021 
759 359 2262 357 
760 1889 3410 2953 
761 2291 3268 3257 
762 2614 3345 286 
763 225 2912 2628 
764 1960 2123 2122 
765 1164 2896 2136 
766 3006 3015 1067 
767 248 3275 2642 
768 1628 2458 2052 
769 980 2888 2214 
770 2054 2458 1626 
771 1764 2170 2159 
772 2038 3329 226 
773 1164 2903 2896 
774 2171 2364 2172 
775 2151 3015 3006 
776 2163 2687 335 
777 2332 3327 2049 
778 2109 2687 2163 
779 2135 3049 1700 
780 275 3210 2661 
781 575 2364 2171 
782 2114 3193 899 
783 2989 2998 934 
784 2642 3250 248 
785 3028 3037 2166 
786 573 2258 2240 
787 576 2177 2176 
788 461 2505 486 
789 2129 2130 1222 
790 2131 3068 679 
791 361 2177 576 
792 2157 3093 3091 
793 2134 3050 1021 
794 1056 2505 459 
795 2158 2998 2989 
796 1998 3391 1999 
797 1077 3037 3028 
798 465 2524 1065 
799 486 2524 463 
800 2058 2385 1745 
801 2103 3261 3162 
802 2156 3093 2157 
803 731 3076 2960 
804 575 2935 2298 
805 1723 3190 3182 
806 363 2814 2177 
807 2116 3002 1316 
808 2415 3019 800 
809 3200 3227 1302 
810 1700 3059 2135 
811 1723 3182 2447 
812 3004 3014 2293 
813 2973 2981 1042 
814 972 2344 876 
815 1840 3065 3058 
816 469 2539 485 
817 1065 2539 467 
818 874 2344 920 
819 2235 2236 1781 
820 237 3218 2581 
821 2161 2981 2973 
822 2611 2859 2257 
823 2116 3201 3002 
824 2046 2920 2044 
825 2152 3065 1840 
826 524 3014 3004 
827 2174 2262 576 
828 2968 3177 2118 
829 485 2564 471 
830 473 2564 1076 
831 2433 3036 961 
832 2170 2517 974 
833 2162 3157 1926 
834 3043 3053 2242 
835 1472 3075 3020 
836 905 2282 985 
837 1480 2217 2216 
838 2178 2896 2179 
839 841 2282 842 
840 1724 3190 1723 
841 2171 2935 575 
842 3036 3048 961 
843 3157 3161 1926 
844 1724 3192 3190 
845 975 2297 2295 
846 1450 2271 1452 
847 2271 2323 1054 
848 1461 2235 1781 
849 2143 3041 1055 
850 2142 3056 948 
851 1076 2667 475 
852 2216 2585 1480 
853 477 2667 491 
854 1183 2585 2216 
855 2110 2570 1427 
856 2455 3186 2454 
857 2145 3030 926 
858 1428 2570 2153 
859 2141 3067 981 
860 3038 3054 2416 
861 1460 2256 1461 
862 229 3406 2679 
863 2271 2570 2110 
864 2692 3297 252 
865 2140 3074 784 
866 2971 2979 2185 
867 3186 3191 2454 
868 1054 2570 2271 
869 1461 2256 2235 
870 1730 3226 3206 
871 2146 3022 978 
872 2340 3248 3240 
873 2167 3199 1931 
874 2147 2187 2027 
875 948 3064 2142 
876 1055 3047 2143 
877 1183 2216 2186 
878 2785 2821 2170 
879 2231 2232 2121 
880 981 3071 2141 
881 411 2979 2971 
882 926 3035 2145 
883 2400 3170 2317 
884 1077 3046 3037 
885 2679 3353 229 
886 915 3054 3038 
887 2722 3376 268 
888 2049 2051 1974 
889 2186 2219 1183 
890 2439 3209 3206 
891 3199 3202 1931 
892 2149 3016 931 
893 1764 2517 2170 
894 2511 3082 1792 
895 2172 2364 2262 
896 1334 3078 3034 
897 576 2262 359 
898 978 3025 2146 
899 2927 2987 2349 
900 304 3209 2439 
901 1633 3046 1077 
902 2150 2160 1763 
903 917 2974 2191 
904 2293 2993 1069 
905 2137 2896 2178 
906 2262 2364 357 
907 2336 3254 3253 
908 931 3018 2149 
909 2814 2978 2177 
910 2191 2974 1655 
911 2211 2752 1337 
912 2510 3040 3020 
913 1067 2998 2158 
914 409 2565 556 
915 1779 2752 2211 
916 930 3015 2151 
917 934 2981 2161 
918 2946 2975 1921 
919 2257 2859 2256 
920 277 3360 2207 
921 828 2307 826 
922 1042 2960 2164 
923 2137 2978 2446 
924 2433 3029 1786 
925 2189 2264 1426 
926 2193 2308 936 
927 2889 3224 3204 
928 1480 2565 2217 
929 2180 2914 1066 
930 2258 2469 1780 
931 2185 2961 1075 
932 1069 2993 2986 
933 1769 3185 3042 
934 2163 2229 1456 
935 365 2814 363 
936 727 2943 2442 
937 2087 3011 2124 
938 2158 3006 1067 
939 1185 2280 1334 
940 1100 3040 2510 
941 2161 2989 934 
942 2151 3021 930 
943 1332 2296 1327 
944 2188 2870 447 
945 1715 3167 3023 
946 2350 2495 2101 
947 2232 3055 1624 
948 2127 2318 2317 
949 2320 3233 557 
950 779 3065 2152 
951 2350 2758 558 
952 2164 2973 1042 
953 452 2939 2931 
954 1786 3036 2433 
955 2206 2208 277 
956 2219 2893 2831 
957 2218 2296 1332 
958 560 2839 2495 
959 558 2821 2785 
960 1647 3200 2356 
961 1791 2455 2453 
962 1837 2530 2264 
963 2178 2978 2137 
964 2443 2956 2442 
965 1928 3207 2501 
966 2298 2935 2297 
967 2166 3014 524 
968 723 2901 2423 
969 2194 2818 1074 
970 1066 2914 2898 
971 1327 2296 1429 
972 975 2298 2297 
973 835 2313 831 
974 2217 2963 2951 
975 2203 2982 838 
976 2295 2297 2296 
977 2758 2821 558 
978 3233 3237 557 
979 1075 2961 2954 
980 2452 2522 2453 
981 2453 2522 1791 
982 2078 2763 2361 
983 2169 2979 411 
984 557 3237 458 
985 2443 2969 2956 
986 1838 2264 2227 
987 2501 3211 1928 
988 563 2445 2204 
989 2369 2370 2089 
990 2413 3008 836 
991 1781 2258 1780 
992 888 2908 2432 
993 2101 2758 2350 
994 2409 2977 833 
995 1955 1994 1956 
996 1967 1969 1966 
997 1978 2115 1979 
998 974 2785 2170 
999 1234 2907 2445 
1000 841 3093 2156 
1001 2170 2821 2159 
1002 606 2219 617 
1003 447 2870 2858 
1004 2280 2281 1334 
1005 2412 3008 2413 
1006 2931 2939 2180 
1007 292 3118 2215 
1008 2424 2925 2423 
1009 2202 2918 976 
1010 2495 2839 2101 
1011 2204 2446 563 
1012 2349 2363 1174 
1013 2898 2914 2188 
1014 726 2866 2421 
1015 2209 2749 453 
1016 1066 2931 2180 
1017 1183 2219 606 
1018 2933 2943 727 
1019 2257 2987 2927 
1020 287 3366 2710 
1021 2237 2258 1781 
1022 579 2829 2361 
1023 2397 2982 2203 
1024 573 2469 2258 
1025 2986 2993 2169 
1026 447 2898 2188 
1027 2210 2874 921 
1028 562 2746 2370 
1029 2394 2940 762 
1030 1922 2281 2280 
1031 2424 2933 2925 
1032 2089 2371 2369 
1033 2257 2927 2611 
1034 2858 2870 2194 
1035 526 2955 2212 
1036 2408 2977 2409 
1037 2149 3136 3016 
1038 411 2986 2169 
1039 201 3341 3080 
1040 2203 2996 1902 
1041 1069 3004 2293 
1042 826 2307 936 
1043 2413 3019 2414 
1044 2405 2934 829 
1045 894 2841 2429 
1046 2369 2371 560 
1047 2312 2462 562 
1048 519 2864 2220 
1049 2265 2760 2324 
1050 333 2881 2306 
1051 1184 2280 1185 
1052 2240 2258 2237 
1053 982 2307 828 
1054 407 2565 409 
1055 2117 2234 1441 
1056 2415 3031 2416 
1057 1168 2236 2235 
1058 2192 2951 525 
1059 1072 2932 2221 
1060 1074 2818 2792 
1061 2409 2990 2410 
1062 1074 2858 2194 
1063 1822 2993 2293 
1064 2930 2937 1064 
1065 524 3028 2166 
1066 2370 2746 2089 
1067 2224 2518 966 
1068 1184 2306 2222 
1069 956 3012 3003 
1070 2371 2839 560 
1071 2223 2822 971 
1072 2227 2265 1838 
1073 556 2565 1480 
1074 2065 2879 2287 
1075 2420 2875 2421 
1076 1075 2971 2185 
1077 2887 2901 723 
1078 2197 2213 2199 
1079 2222 2280 1184 
1080 2403 2876 832 
1081 2996 3003 1902 
1082 2792 2818 2209 
1083 2367 2544 555 
1084 1172 2522 2452 
1085 2904 2918 2202 
1086 2264 2530 1426 
1087 2466 3057 1339 
1088 1796 2544 2367 
1089 1741 3228 3225 
1090 2954 2961 2192 
1091 2330 2605 2519 
1092 2225 2862 1044 
1093 2393 2940 2394 
1094 1337 2752 1336 
1095 3031 3038 2416 
1096 374 2897 2226 
1097 920 2344 2343 
1098 1332 2528 2218 
1099 2442 2956 727 
1100 2361 2829 2078 
1101 2960 3076 2164 
1102 2275 2489 1465 
1103 2767 3229 3205 
1104 2428 2878 2429 
1105 543 3263 2117 
1106 2990 2999 2410 
1107 2394 2957 2395 
1108 966 2763 2754 
1109 404 2312 562 
1110 2424 2943 2933 
1111 1911 2902 1335 
1112 2420 2887 2875 
1113 2754 2763 2078 
1114 2390 2882 763 
1115 2442 2943 2441 
1116 2462 2746 562 
1117 1063 2807 2228 
1118 2892 2908 888 
1119 2186 2893 2219 
1120 2405 2949 2406 
1121 836 3008 2999 
1122 2951 2963 525 
1123 831 2313 982 
1124 845 3148 3140 
1125 2211 2766 1779 
1126 2976 2985 1062 
1127 1789 2891 2457 
1128 453 2792 2209 
1129 1829 2961 2185 
1130 2227 2760 2265 
1131 2052 2458 2190 
1132 1460 2257 2256 
1133 848 2313 835 
1134 2423 2925 723 
1135 2890 2909 1068 
1136 2230 2729 922 
1137 2861 2874 2210 
1138 337 2832 2504 
1139 525 2954 2192 
1140 2445 2907 2204 
1141 2569 2941 1912 
1142 453 2749 2748 
1143 1053 2975 2946 
1144 2944 2955 526 
1145 2212 2955 1685 
1146 243 3298 2603 
1147 1465 2528 2275 
1148 1336 2744 1789 
1149 2962 3007 2448 
1150 2428 2892 2878 
1151 2748 2749 1819 
1152 1463 2528 1465 
1153 2236 2237 1781 
1154 1837 2264 1838 
1155 2420 2901 2887 
1156 898 2769 2418 
1157 2227 2264 2189 
1158 838 2982 2967 
1159 2404 2934 2405 
1160 2957 2967 2395 
1161 1107 3153 3092 
1162 2233 2782 935 
1163 2421 2866 2425 
1164 2460 2876 2403 
1165 563 2814 365 
1166 1070 2855 2259 
1167 2191 2983 917 
1168 1168 2886 2236 
1169 2337 2340 2339 
1170 921 2918 2904 
1171 2518 2732 565 
1172 1195 2568 2492 
1173 966 2754 2224 
1174 2949 2959 2406 
1175 1202 2328 1333 
1176 833 2977 2959 
1177 2367 2652 1819 
1178 2432 2908 2431 
1179 1336 2752 2744 
1180 2283 2348 1471 
1181 1238 2348 2283 
1182 2432 2937 2930 
1183 2423 2901 2422 
1184 773 2778 2260 
1185 2403 2906 2402 
1186 406 2312 404 
1187 2847 2864 519 
1188 2432 2930 888 
1189 921 2904 2210 
1190 2919 2932 1072 
1191 2234 2328 1441 
1192 2221 2932 1681 
1193 971 2874 2861 
1194 2452 2512 1172 
1195 2219 2831 617 
1196 2831 2893 1044 
1197 523 2597 2270 
1198 2348 2363 2349 
1199 2390 2915 2391 
1200 2827 2841 894 
1201 829 2934 2921 
1202 2421 2875 726 
1203 2428 2908 2892 
1204 1199 2338 1133 
1205 2795 2822 2223 
1206 2388 2775 766 
1207 2273 2520 969 
1208 2085 3011 2087 
1209 2220 2909 2890 
1210 2224 2732 2518 
1211 2274 2399 1434 
1212 2389 2882 2390 
1213 1782 2482 2345 
1214 1133 2338 1195 
1215 2261 2806 2260 
1216 649 2791 2745 
1217 1821 2810 2418 
1218 1648 2489 2275 
1219 2652 2748 1819 
1220 1165 3053 3043 
1221 2296 2297 1429 
1222 1814 2914 2180 
1223 2519 2605 1774 
1224 971 2861 2223 
1225 2314 2530 1837 
1226 2504 2832 1916 
1227 2348 2349 1471 
1228 976 2918 820 
1229 2429 2878 894 
1230 2335 2338 1199 
1231 2226 2897 1677 
1232 2220 2890 519 
1233 1960 2772 2123 
1234 517 2469 573 
1235 1078 2799 1172 
1236 2337 2339 2338 
1237 2306 2881 2222 
1238 408 2311 406 
1239 2311 2312 406 
1240 2556 3264 261 
1241 922 2822 2795 
1242 2137 2446 1777 
1243 2906 2921 2402 
1244 2277 2789 837 
1245 2840 2862 2225 
1246 2276 2525 1071 
1247 1167 2802 2398 
1248 2228 2864 2847 
1249 762 2940 2929 
1250 252 3395 2692 
1251 2291 2559 1433 
1252 1821 2841 2827 
1253 2289 2541 973 
1254 627 2594 2269 
1255 1174 2927 2349 
1256 375 2783 2288 
1257 3299 3374 1972 
1258 3020 3075 2510 
1259 2290 2493 1223 
1260 2880 2897 374 
1261 520 2469 517 
1262 2261 2816 2806 
1263 2459 2775 2388 
1264 1777 2446 2204 
1265 1821 2827 2810 
1266 1810 2870 2188 
1267 561 2232 2231 
1268 2915 2929 2391 
1269 2220 2864 1627 
1270 2283 2534 1238 
1271 1422 2830 1794 
1272 921 2874 816 
1273 2334 2335 1199 
1274 2594 2733 2376 
1275 2172 2262 2174 
1276 2450 2512 2452 
1277 2816 2866 726 
1278 1794 2544 1796 
1279 1333 2328 2234 
1280 2324 2745 2265 
1281 2259 2855 1673 
1282 1044 2862 665 
1283 922 2795 2230 
1284 565 2480 2345 
1285 2361 2763 430 
1286 2429 2841 2430 
1287 3287 3302 2011 
1288 353 2298 351 
1289 969 2729 2668 
1290 2330 2519 2331 
1291 2773 2807 1063 
1292 2228 2847 1063 
1293 2668 2729 2230 
1294 640 2363 638 
1295 776 2314 1837 
1296 2744 2891 1789 
1297 565 2732 2480 
1298 935 2862 2840 
1299 1433 2559 1123 
1300 371 2331 1234 
1301 657 2457 655 
1302 1806 2818 2194 
1303 2481 2759 2737 
1304 1044 2893 2225 
1305 2334 2697 2001 
1306 1435 2294 993 
1307 2284 2285 1012 
1308 2339 2568 1195 
1309 1211 2512 2450 
1310 373 2331 371 
1311 2288 2783 1669 
1312 2295 2513 975 
1313 2745 2791 2265 
1314 1222 2305 1116 
1315 1555 2789 2277 
1316 2294 2328 1202 
1317 388 2785 974 
1318 2418 2769 1487 
1319 2228 2807 1609 
1320 2277 2836 2278 
1321 971 2822 812 
1322 1802 2749 2209 
1323 969 2520 804 
1324 2388 2846 2387 
1325 555 2652 2367 
1326 575 2298 353 
1327 2341 2569 2568 
1328 2270 2807 2773 
1329 2418 2810 898 
1330 2455 3169 553 
1331 1106 2299 1307 
1332 1344 2303 1082 
1333 763 2882 2865 
1334 2769 2843 2526 
1335 2398 2802 2173 
1336 2474 2475 1820 
1337 1914 2926 2916 
1338 1868 2393 1874 
1339 2218 2528 1463 
1340 2221 2955 2944 
1341 973 2541 698 
1342 2226 2932 2919 
1343 1879 2397 1882 
1344 2492 2568 1912 
1345 2270 2597 1605 
1346 2261 2866 2816 
1347 2727 2782 2233 
1348 2266 2267 2035 
1349 341 2591 2507 
1350 2507 2591 1784 
1351 1016 3024 2160 
1352 1575 2408 1592 
1353 627 2733 2594 
1354 935 2782 669 
1355 2581 3326 237 
1356 408 2646 2311 
1357 2484 2784 1527 
1358 1174 2363 640 
1359 572 3170 2400 
1360 617 2831 626 
1361 2338 2339 1195 
1362 1199 2697 2334 
1363 2260 2806 773 
1364 351 2298 975 
1365 655 2457 1206 
1366 1901 2825 1735 
1367 2260 2778 1496 
1368 2088 2371 2086 
1369 2393 2394 1874 
1370 2179 2867 2398 
1371 1329 2366 1205 
1372 922 2729 808 
1373 1071 2782 2727 
1374 3240 3248 310 
1375 2736 2902 1911 
1376 2345 2482 420 
1377 935 2840 2233 
1378 1499 2437 1498 
1379 1581 2412 1585 
1380 966 2518 426 
1381 832 2876 2853 
1382 2408 2409 1592 
1383 2345 2480 1782 
1384 2475 2567 1820 
1385 1696 2366 2292 
1386 2622 2706 2182 
1387 638 2363 2347 
1388 1882 2397 2203 
1389 2543 2566 790 
1390 585 2360 587 
1391 574 2309 499 
1392 2269 2638 627 
1393 2236 2238 2237 
1394 2412 2413 1585 
1395 2221 2944 1072 
1396 2921 2934 2402 
1397 410 2646 408 
1398 1890 2812 2612 
1399 993 2294 960 
1400 2435 2436 1210 
1401 2389 2390 1875 
1402 382 2315 1443 
1403 330 2306 329 
1404 2226 2919 374 
1405 1862 2389 1875 
1406 969 2668 2273 
1407 1007 2435 1210 
1408 394 2495 2350 
1409 2340 2341 2339 
1410 1590 2417 1918 
1411 2404 2405 1593 
1412 2086 2371 2089 
1413 1172 2799 2522 
1414 2705 2900 2155 
1415 2528 2833 2275 
1416 829 2949 2405 
1417 1569 2404 1593 
1418 1116 2305 1118 
1419 2259 2897 2880 
1420 1522 2442 2441 
1421 1967 1970 1969 
1422 1054 2323 907 
1423 536 2787 2774 
1424 1994 1995 1956 
1425 587 2360 923 
1426 2474 2549 891 
1427 832 2906 2403 
1428 974 2517 2315 
1429 1533 2430 1532 
1430 1522 2441 1516 
1431 1223 2493 999 
1432 2484 2566 2543 
1433 2064 2351 1403 
1434 2737 2759 1252 
1435 2212 2976 526 
1436 2834 2855 1070 
1437 1088 2332 1268 
1438 2778 2826 1839 
1439 2270 2773 523 
1440 2212 2985 2976 
1441 1435 2328 2294 
1442 1071 2525 673 
1443 329 2306 1184 
1444 1434 2399 1201 
1445 1092 2399 2274 
1446 2093 2329 1468 
1447 778 2314 776 
1448 1211 2450 2449 
1449 1198 2472 796 
1450 2468 2469 520 
1451 2092 2325 1477 
1452 1498 2437 2261 
1453 2836 2853 2278 
1454 3080 3378 201 
1455 1332 2833 2528 
1456 2091 2326 1550 
1457 2107 2352 1414 
1458 2131 2357 1413 
1459 1201 2399 1097 
1460 2392 2393 1866 
1461 2407 2408 1573 
1462 1238 2534 591 
1463 2414 2415 1591 
1464 324 2362 320 
1465 2201 3034 1913 
1466 2319 2320 557 
1467 1586 2414 1591 
1468 1335 2373 2372 
1469 638 2347 615 
1470 400 2370 2369 
1471 920 2342 872 
1472 2597 2675 2485 
1473 1552 2346 2091 
1474 1032 2374 1190 
1475 333 2306 330 
1476 2846 2865 2387 
1477 2107 2353 2352 
1478 762 2957 2394 
1479 2456 2457 657 
1480 2525 2711 932 
1481 2292 2366 1329 
1482 838 2996 2203 
1483 771 2324 940 
1484 383 2315 382 
1485 2375 2376 1220 
1486 1571 2407 1573 
1487 619 2372 1493 
1488 1864 2392 1866 
1489 523 2675 2597 
1490 460 2319 557 
1491 308 3226 3202 
1492 1059 2376 1057 
1493 975 2513 349 
1494 963 2377 316 
1495 2105 2472 1198 
1496 2396 2397 1872 
1497 1520 2444 1518 
1498 1820 2549 2474 
1499 1203 1371 1273 
1500 392 2350 558 
1501 833 2990 2409 
1502 898 2843 2769 
1503 1413 2357 1381 
1504 1508 2422 2419 
1505 1866 2393 1868 
1506 3003 3012 1902 
1507 1442 2117 1441 
1508 773 2826 2778 
1509 2463 2465 2042 
1510 1439 2351 2080 
1511 957 2299 1106 
1512 1082 2303 1080 
1513 1502 2437 1499 
1514 320 2362 318 
1515 1573 2408 1575 
1516 378 2331 373 
1517 1205 2366 1216 
1518 763 2915 2390 
1519 398 2369 560 
1520 2265 2791 1838 
1521 633 2491 639 
1522 1197 2706 2622 
1523 1071 2727 2276 
1524 1540 2431 2427 
1525 1431 1758 1364 
1526 440 2438 572 
1527 1266 1364 1201 
1528 2327 2781 2761 
1529 2434 2435 1009 
1530 1794 2830 2544 
1531 1780 2468 1459 
1532 316 2377 313 
1533 367 2445 563 
1534 1202 1333 1207 
1535 907 2323 908 
1536 1333 1725 1425 
1537 2425 2437 1502 
1538 1789 2456 1182 
1539 2612 2812 624 
1540 2411 2412 1579 
1541 1403 2351 1308 
1542 1872 2397 1879 
1543 2504 2881 333 
1544 1504 2425 1502 
1545 1182 2456 690 
1546 1235 2482 1782 
1547 499 2309 496 
1548 1536 2430 1533 
1549 2360 2762 2359 
1550 1266 1431 1364 
1551 1372 1754 1371 
1552 2372 2373 1493 
1553 2278 2461 1557 
1554 2303 2304 1228 
1555 1459 2468 535 
1556 1125 1203 1131 
1557 483 2609 554 
1558 1431 2144 1758 
1559 2774 2787 2359 
1560 1220 2376 1059 
1561 1099 1266 1201 
1562 923 2360 2358 
1563 1440 1442 1441 
1564 1870 2396 1872 
1565 1440 2493 2290 
1566 639 2491 845 
1567 959 1202 967 
1568 2259 2880 1070 
1569 1291 1412 1290 
1570 1158 1290 1157 
1571 1099 1201 1097 
1572 1099 2509 1266 
1573 2152 3086 779 
1574 940 1157 938 
1575 1080 1228 1039 
1576 2534 2636 539 
1577 2967 2982 2395 
1578 1440 1441 1435 
1579 1297 2375 1220 
1580 995 2493 1440 
1581 647 648 646 
1582 945 1276 957 
1583 1020 1156 1018 
1584 940 1158 1157 
1585 416 2482 1235 
1586 2276 2711 2525 
1587 1211 2449 1212 
1588 1414 2352 1300 
1589 2419 2420 1524 
1590 1798 2367 1819 
1591 1158 1291 1290 
1592 923 2358 1162 
1593 645 646 644 
1594 1579 2412 1581 
1595 643 644 642 
1596 2427 2428 1548 
1597 1106 1307 1108 
1598 2865 2882 2387 
1599 1594 2460 2403 
1600 1202 1207 967 
1601 1001 1223 999 
1602 1009 2435 1007 
1603 789 2379 788 
1604 1084 1344 1082 
1605 1080 2303 1228 
1606 771 940 938 
1607 1643 2447 2090 
1608 1371 1727 1273 
1609 1014 2434 1011 
1610 689 2558 929 
1611 1276 2299 957 
1612 629 2372 619 
1613 1577 2411 1579 
1614 1588 2417 1590 
1615 3128 3252 1999 
1616 1121 1433 1123 
1617 2477 2588 594 
1618 995 1440 1435 
1619 2352 2356 1302 
1620 2519 2907 1234 
1621 1024 1295 1022 
1622 641 642 640 
1623 995 1435 993 
1624 1321 2368 1230 
1625 2368 2473 1230 
1626 1058 2486 1218 
1627 1203 1273 1131 
1628 776 1837 775 
1629 2520 2593 2426 
1630 1266 2509 1927 
1631 959 967 854 
1632 547 2573 578 
1633 2579 2686 864 
1634 804 2520 802 
1635 2274 2332 1090 
1636 460 557 458 
1637 1037 2374 1034 
1638 753 2433 961 
1639 643 645 644 
1640 2515 2541 1787 
1641 651 2324 771 
1642 1110 1289 1112 
1643 1445 1446 1444 
1644 1161 2500 1472 
1645 1852 2459 1853 
1646 1333 1425 1207 
1647 2080 2081 1773 
1648 382 637 380 
1649 2929 2940 2391 
1650 424 565 422 
1651 416 1235 962 
1652 645 647 646 
1653 641 643 642 
1654 1557 2461 1558 
1655 2959 2977 2406 
1656 2273 2593 2520 
1657 416 962 414 
1658 1235 1308 962 
1659 1443 1444 637 
1660 1460 1461 1459 
1661 1506 2419 1524 
1662 2309 2310 965 
1663 1235 1403 1308 
1664 501 574 499 
1665 1028 1155 1026 
1666 345 548 343 
1667 2853 2876 2278 
1668 1860 2389 1862 
1669 802 2426 799 
1670 1538 2427 1548 
1671 1245 2483 610 
1672 639 640 638 
1673 2331 2519 1234 
1674 2494 2739 2728 
1675 462 2319 460 
1676 2244 2249 2246 
1677 949 2499 912 
1678 855 959 854 
1679 1468 2329 1437 
1680 1563 2460 1594 
1681 1783 2066 2064 
1682 647 649 648 
1683 466 567 464 
1684 1090 2332 1088 
1685 382 1443 637 
1686 1439 2080 1773 
1687 1445 1763 1446 
1688 496 2309 965 
1689 1308 2351 1439 
1690 1443 1445 1444 
1691 1103 2473 986 
1692 496 965 494 
1693 392 558 390 
1694 613 2487 988 
1695 2507 2832 337 
1696 1458 1460 1459 
1697 1011 2434 1009 
1698 1214 2463 2042 
1699 1776 2284 2136 
1700 1462 1463 548 
1701 1088 1268 1086 
1702 489 2470 484 
1703 355 575 353 
1704 1783 2064 1403 
1705 1567 2404 1569 
1706 648 651 650 
1707 1544 2448 1659 
1708 1462 2513 2295 
1709 2488 2686 2579 
1710 651 771 652 
1711 322 2327 324 
1712 2079 2111 2076 
1713 345 1462 548 
1714 639 641 640 
1715 434 579 432 
1716 1007 1210 1005 
1717 771 938 772 
1718 388 974 386 
1719 345 2513 1462 
1720 1651 2974 917 
1721 1731 2167 1931 
1722 2453 2455 2454 
1723 2394 2395 1874 
1724 1172 2512 1079 
1725 770 775 684 
1726 1034 2374 1032 
1727 2390 2391 1875 
1728 1452 1456 1453 
1729 472 571 470 
1730 1696 2166 1694 
1731 1837 1838 775 
1732 615 2347 593 
1733 1458 1459 535 
1734 351 975 349 
1735 2288 2855 2834 
1736 398 560 396 
1737 1450 1452 1451 
1738 2347 2363 2348 
1739 394 2350 392 
1740 1452 1453 1451 
1741 317 318 316 
1742 983 2438 442 
1743 1330 1822 1329 
1744 2347 2348 1238 
1745 1787 2541 2289 
1746 511 580 509 
1747 2485 2535 1597 
1748 1203 1372 1371 
1749 319 320 318 
1750 361 576 359 
1751 1455 2162 1926 
1752 337 2504 334 
1753 796 2472 794 
1754 1462 2218 1463 
1755 1789 2457 2456 
1756 2405 2406 1593 
1757 631 2506 682 
1758 994 995 993 
1759 315 316 313 
1760 1477 2325 1470 
1761 781 854 778 
1762 1098 1099 1097 
1763 321 322 320 
1764 505 968 503 
1765 1118 2305 1121 
1766 2409 2410 1592 
1767 428 966 426 
1768 341 2507 338 
1769 562 2370 402 
1770 943 945 944 
1771 305 307 306 
1772 1634 2779 2776 
1773 985 1054 907 
1774 304 305 303 
1775 323 325 322 
1776 1300 2352 1302 
1777 872 2342 870 
1778 1450 1451 949 
1779 1038 1039 1037 
1780 308 309 307 
1781 1234 2445 369 
1782 843 2486 1058 
1783 1802 2209 1804 
1784 2450 2451 2168 
1785 357 2364 355 
1786 2728 2739 660 
1787 1230 2473 1103 
1788 328 329 327 
1789 572 2400 438 
1790 2386 2389 1860 
1791 1798 1819 1800 
1792 2336 2337 2335 
1793 1780 2469 2468 
1794 326 327 325 
1795 379 380 378 
1796 2099 2134 2112 
1797 2179 2398 2175 
1798 312 313 311 
1799 309 311 310 
1800 688 2803 2777 
1801 1411 1423 1410 
1802 2543 2784 2484 
1803 2283 2636 2534 
1804 911 1450 949 
1805 1822 2293 2292 
1806 633 639 638 
1807 905 985 907 
1808 415 416 414 
1809 1441 2328 1435 
1810 1671 2288 1669 
1811 1411 1424 1423 
1812 1284 1731 1730 
1813 2178 2179 2175 
1814 1796 2367 1798 
1815 318 2362 963 
1816 1516 2441 1514 
1817 1470 2093 1468 
1818 400 2369 398 
1819 1121 1123 1122 
1820 381 382 380 
1821 301 303 302 
1822 426 2518 424 
1823 1825 2169 1823 
1824 355 2364 575 
1825 1607 2270 1605 
1826 402 2370 400 
1827 1236 1336 1182 
1828 735 1042 737 
1829 1049 2481 636 
1830 1204 1329 1205 
1831 1479 2092 1477 
1832 932 1204 933 
1833 1437 2094 1424 
1834 322 324 320 
1835 2106 2107 1414 
1836 663 1044 665 
1837 481 2609 483 
1838 1457 1458 535 
1839 457 458 456 
1840 1876 2387 2386 
1841 1675 2259 1673 
1842 1806 2194 1808 
1843 1585 2414 1586 
1844 1372 1943 1754 
1845 1236 2515 1787 
1846 1625 2228 1609 
1847 432 2361 430 
1848 2081 2083 2082 
1849 2175 2398 2173 
1850 2453 2454 2451 
1851 438 2400 436 
1852 1522 2443 2442 
1853 1550 2326 1479 
1854 1603 2485 1599 
1855 1552 2091 1550 
1856 1614 2573 547 
1857 2401 2404 1567 
1858 2452 2453 2451 
1859 1788 2211 1337 
1860 945 957 946 
1861 806 969 804 
1862 739 934 741 
1863 2413 2414 1585 
1864 495 496 494 
1865 698 2541 696 
1866 1114 1222 1116 
1867 1236 1337 1336 
1868 700 973 698 
1869 2478 2481 1136 
1870 1523 2423 2422 
1871 1400 1906 1836 
1872 667 935 669 
1873 1437 2329 2094 
1874 1032 1190 1030 
1875 1237 1410 1198 
1876 1352 1696 1694 
1877 1439 1773 1772 
1878 329 1184 549 
1879 1352 1694 1353 
1880 1645 2220 1627 
1881 2449 2450 2168 
1882 593 2347 1238 
1883 1679 2226 1677 
1884 1731 1931 1730 
1885 692 2515 1236 
1886 1040 1080 1039 
1887 870 970 868 
1888 1446 1761 1447 
1889 1594 2402 2401 
1890 692 1182 690 
1891 743 1067 745 
1892 1906 2269 1836 
1893 334 2504 333 
1894 1237 1411 1410 
1895 633 638 615 
1896 810 922 808 
1897 1810 2188 1812 
1898 1330 1823 1822 
1899 1641 2346 1552 
1900 579 2361 432 
1901 992 993 960 
1902 470 2365 468 
1903 798 1198 796 
1904 338 2507 337 
1905 1333 2234 1725 
1906 1242 1243 977 
1907 386 2315 383 
1908 704 931 702 
1909 1308 1439 1438 
1910 1244 1300 1243 
1911 1659 2432 2431 
1912 1346 2479 2478 
1913 1726 1771 1413 
1914 1094 2399 1092 
1915 1523 2440 2424 
1916 1130 2514 1367 
1917 1092 2274 1090 
1918 671 1071 673 
1919 1300 1302 1243 
1920 571 2365 470 
1921 1204 1330 1329 
1922 1461 1781 1780 
1923 1782 1783 1403 
1924 2005 2006 2003 
1925 874 920 872 
1926 708 978 706 
1927 1921 2975 1922 
1928 1470 2325 2093 
1929 860 980 858 
1930 1097 2399 1094 
1931 794 979 792 
1932 747 930 749 
1933 1776 2136 1777 
1934 593 1238 591 
1935 692 1236 1182 
1936 342 343 341 
1937 305 2439 308 
1938 1635 1706 1407 
1939 1323 1635 1407 
1940 1829 2185 1827 
1941 960 2294 959 
1942 798 1237 1198 
1943 1643 2090 1641 
1944 630 2558 689 
1945 344 345 343 
1946 1254 2650 2497 
1947 1858 2386 1860 
1948 1400 1836 1398 
1949 1292 1389 1291 
1950 988 2477 596 
1951 770 776 775 
1952 313 2377 314 
1953 902 1911 1335 
1954 1136 2481 1049 
1955 1019 1020 1018 
1956 325 2327 322 
1957 2090 2346 1641 
1958 1856 1876 1858 
1959 1876 2459 2388 
1960 1683 2221 1681 
1961 2006 2336 2335 
1962 442 2438 440 
1963 902 1335 730 
1964 1555 2277 1557 
1965 1301 1414 1300 
1966 1340 1843 1611 
1967 1833 2192 1831 
1968 421 422 420 
1969 870 2342 970 
1970 1257 2649 2496 
1971 484 2470 482 
1972 1395 2464 2463 
1973 675 932 677 
1974 1814 2180 1816 
1975 1013 1014 1011 
1976 712 926 710 
1977 970 2384 2383 
1978 1354 2201 1705 
1979 1731 2449 2168 
1980 1264 2490 1179 
1981 2464 2465 2463 
1982 422 2345 420 
1983 1498 2260 1496 
1984 1532 1821 1489 
1985 818 921 816 
1986 1415 2106 1414 
1987 1346 2478 1189 
1988 369 2445 367 
1989 1494 1839 1361 
1990 2006 2335 2334 
1991 1185 1334 1240 
1992 459 460 458 
1993 882 919 880 
1994 318 963 316 
1995 1723 2447 1643 
1996 1379 1700 1377 
1997 1563 1594 1565 
1998 1216 1352 1351 
1999 1882 2203 1902 
2000 1862 1875 1864 
2001 1479 2326 2092 
2002 498 499 496 
2003 2761 2781 1613 
2004 1599 2485 1597 
2005 1882 1902 1883 
2006 939 943 942 
2007 1506 1524 1504 
2008 440 572 438 
2009 2375 2594 2376 
2010 1331 2501 1395 
2011 1036 1037 1034 
2012 751 2433 753 
2013 1565 2401 1567 
2014 404 562 402 
2015 420 2482 417 
2016 2067 2068 2066 
2017 814 971 812 
2018 1081 1082 1080 
2019 1538 1548 1536 
2020 788 2511 785 
2021 1508 2419 1506 
2022 1569 1593 1571 
2023 2277 2278 1557 
2024 878 972 876 
2025 1463 1465 1464 
2026 517 573 515 
2027 2721 2740 1159 
2028 1512 1523 1510 
2029 531 535 528 
2030 380 2330 378 
2031 367 563 365 
2032 753 961 755 
2033 2488 2538 1247 
2034 2420 2421 1524 
2035 476 987 474 
2036 957 1106 958 
2037 1145 2735 2707 
2038 1514 2441 2440 
2039 1481 2488 1275 
2040 2315 2517 1443 
2041 1096 1097 1094 
2042 1540 2427 1538 
2043 1212 2449 1284 
2044 329 549 327 
2045 642 2333 1174 
2046 1868 1874 1870 
2047 1498 2261 2260 
2048 1767 2484 1529 
2049 1118 1121 1120 
2050 1687 2212 1685 
2051 716 1055 714 
2052 1061 2494 1137 
2053 1189 2478 1136 
2054 596 2477 594 
2055 2001 2697 1394 
2056 2428 2429 1548 
2057 925 2475 2474 
2058 1179 2490 964 
2059 1017 1018 1015 
2060 461 462 460 
2061 690 2456 659 
2062 837 2836 2277 
2063 1771 2131 1413 
2064 1853 2459 1856 
2065 759 779 761 
2066 305 306 303 
2067 1383 1413 1381 
2068 1544 1659 1542 
2069 1381 2357 1379 
2070 1510 2422 1508 
2071 1395 2463 1226 
2072 2757 2802 1167 
2073 1762 1776 1775 
2074 1876 2386 1858 
2075 2415 2416 1591 
2076 2003 2334 2001 
2077 387 388 386 
2078 305 308 307 
2079 1453 1455 1454 
2080 651 2745 2324 
2081 2071 2072 2070 
2082 1518 1522 1516 
2083 423 424 422 
2084 1575 1592 1577 
2085 1796 1798 1797 
2086 2069 2070 2068 
2087 1546 2448 1544 
2088 687 2498 1046 
2089 1000 1001 999 
2090 301 304 303 
2091 905 907 906 
2092 1798 1800 1799 
2093 886 977 884 
2094 908 2323 911 
2095 1203 2559 1372 
2096 332 333 330 
2097 1261 2523 990 
2098 1542 2431 1540 
2099 309 312 311 
2100 325 2531 2327 
2101 1879 1882 1881 
2102 396 2495 394 
2103 1021 1022 1020 
2104 1561 2460 1563 
2105 1529 2484 1527 
2106 493 494 490 
2107 785 2511 784 
2108 1256 2497 1553 
2109 2358 2359 1635 
2110 959 2294 1202 
2111 309 310 307 
2112 822 976 820 
2113 1399 1400 1398 
2114 1967 1972 1970 
2115 1594 2401 1565 
2116 1299 2496 1704 
2117 336 337 334 
2118 1275 2488 1247 
2119 1794 1796 1795 
2120 2238 2239 2237 
2121 2216 2217 1835 
2122 455 456 451 
2123 480 561 478 
2124 1558 2461 1561 
2125 1137 2494 1278 
2126 313 314 311 
2127 621 2483 731 
2128 868 2383 866 
2129 2242 2244 2243 
2130 1379 2357 1700 
2131 1226 2463 1214 
2132 644 2333 642 
2133 1523 2422 1510 
2134 1822 2292 1329 
2135 419 420 417 
2136 648 650 646 
2137 425 426 424 
2138 1218 2486 1340 
2139 1227 2508 1101 
2140 1455 1926 1711 
2141 2083 2085 2084 
2142 642 1174 640 
2143 1523 2424 2423 
2144 720 948 718 
2145 444 983 442 
2146 1436 1437 1424 
2147 500 501 499 
2148 911 949 912 
2149 340 341 338 
2150 893 2474 891 
2151 2295 2296 2218 
2152 1305 1903 1409 
2153 1918 2205 1937 
2154 1489 2418 1487 
2155 1697 2191 1655 
2156 2239 2242 2241 
2157 826 936 824 
2158 1852 2775 2459 
2159 2330 2331 378 
2160 1514 2440 1512 
2161 1731 2168 2167 
2162 1876 2388 2387 
2163 1123 1125 1124 
2164 610 2483 621 
2165 535 2468 528 
2166 794 2472 979 
2167 304 2439 305 
2168 1995 2043 1956 
2169 1659 2431 1542 
2170 1278 2494 1492 
2171 802 2520 2426 
2172 1184 1185 549 
2173 449 450 446 
2174 463 464 462 
2175 1586 1591 1588 
2176 912 2499 914 
2177 1046 2498 1193 
2178 1800 1802 1801 
2179 315 317 316 
2180 1594 2403 2402 
2181 586 2516 584 
2182 371 1234 369 
2183 377 378 373 
2184 2490 2491 964 
2185 312 315 313 
2186 389 390 388 
2187 413 414 410 
2188 1361 2368 1321 
2189 1121 2305 1433 
2190 549 2531 327 
2191 488 489 484 
2192 1581 1585 1583 
2193 792 2379 789 
2194 565 2345 422 
2195 1204 1205 933 
2196 1849 2503 1852 
2197 317 319 318 
2198 1364 1434 1201 
2199 2179 2903 2867 
2200 1512 2440 1523 
2201 682 2487 623 
2202 964 2491 633 
2203 1078 1172 1079 
2204 1284 2449 1731 
2205 730 2372 629 
2206 528 2468 520 
2207 1787 1788 1337 
2208 1193 2498 1893 
2209 1162 2358 1323 
2210 861 862 860 
2211 797 798 796 
2212 350 351 349 
2213 896 925 893 
2214 781 855 854 
2215 795 796 794 
2216 1856 2459 1876 
2217 793 794 792 
2218 914 2499 1078 
2219 1123 2559 1125 
2220 859 860 858 
2221 932 933 677 
2222 1323 1407 1406 
2223 2572 2682 1246 
2224 999 2493 996 
2225 855 960 959 
2226 1736 1901 1735 
2227 1368 1932 1264 
2228 1383 1726 1413 
2229 842 905 904 
2230 768 841 840 
2231 623 2487 613 
2232 319 321 320 
2233 725 981 722 
2234 683 684 649 
2235 1248 1890 1250 
2236 200 219 199 
2237 158 222 157 
2238 186 230 185 
2239 95 229 94 
2240 88 232 87 
2241 151 227 150 
2242 67 236 66 
2243 144 221 143 
2244 60 241 59 
2245 137 228 136 
2246 46 239 45 
2247 193 226 192 
2248 172 242 171 
2249 39 235 38 
2250 214 218 213 
2251 207 243 206 
2252 179 220 178 
2253 81 237 80 
2254 32 238 31 
2255 123 225 122 
2256 102 234 101 
2257 74 240 73 
2258 53 233 52 
2259 116 231 115 
2260 130 223 129 
2261 165 217 164 
2262 109 224 108 
2263 1106 1108 1107 
2264 1604 1605 1603 
2265 352 353 351 
2266 1195 2492 953 
2267 998 999 996 
2268 1847 2545 2503 
2269 1258 1894 1310 
2270 2762 2774 2359 
2271 2450 2452 2451 
2272 1467 1468 1437 
2273 1412 1432 1290 
2274 766 2846 2388 
2275 854 2314 778 
2276 1605 2597 1603 
2277 1083 1084 1082 
2278 1397 1398 1297 
2279 925 2474 893 
2280 783 784 729 
2281 831 982 828 
2282 691 692 690 
2283 1352 1353 1351 
2284 1125 1131 1126 
2285 649 2745 648 
2286 465 466 464 
2287 1655 2974 1653 
2288 592 593 591 
2289 1485 2526 1482 
2290 974 2315 386 
2291 908 911 910 
2292 391 392 390 
2293 1772 2462 2312 
2294 847 848 835 
2295 2324 2760 940 
2296 427 428 426 
2297 1383 2502 1726 
2298 2085 2087 2086 
2299 1449 2508 1227 
2300 502 503 501 
2301 837 2789 2730 
2302 1590 1918 1750 
2303 1896 2802 2757 
2304 321 323 322 
2305 1239 2531 549 
2306 1325 2900 2705 
2307 590 1245 610 
2308 867 868 866 
2309 900 902 730 
2310 2073 2074 2072 
2311 1002 1003 1001 
2312 614 615 593 
2313 2486 2756 1843 
2314 385 386 383 
2315 1214 2042 1142 
2316 1466 1914 1785 
2317 2734 2825 1901 
2318 2337 2338 2335 
2319 1466 2489 1914 
2320 1242 1244 1243 
2321 2197 2198 2184 
2322 673 2525 675 
2323 2006 2334 2003 
2324 1422 1794 1793 
2325 803 804 802 
2326 1398 2375 1297 
2327 1802 1804 1803 
2328 1896 2557 1328 
2329 2041 3143 1995 
2330 1278 1492 1348 
2331 697 698 696 
2332 851 852 849 
2333 886 1242 977 
2334 1482 2526 1481 
2335 787 788 785 
2336 1023 1024 1022 
2337 1606 1607 1605 
2338 608 2516 586 
2339 970 2383 868 
2340 632 633 615 
2341 613 988 596 
2342 651 652 650 
2343 1694 1695 1353 
2344 2516 2682 2572 
2345 735 737 736 
2346 1593 2407 1571 
2347 1821 2418 1489 
2348 1345 1346 1189 
2349 591 2534 568 
2350 655 1206 653 
2351 663 665 664 
2352 1875 2392 1864 
2353 1469 1470 1468 
2354 1193 1893 1270 
2355 869 870 868 
2356 1331 1395 1226 
2357 2087 2095 2088 
2358 1079 2512 1105 
2359 1326 2523 1261 
2360 604 1183 606 
2361 531 1457 535 
2362 1446 1447 1444 
2363 323 326 325 
2364 805 806 804 
2365 914 1078 952 
2366 184 271 183 
2367 195 284 194 
2368 149 279 148 
2369 135 278 134 
2370 93 281 92 
2371 128 280 127 
2372 30 286 29 
2373 114 274 113 
2374 174 285 173 
2375 118 275 117 
2376 104 277 103 
2377 97 273 96 
2378 83 283 82 
2379 72 276 71 
2380 51 272 50 
2381 55 282 54 
2382 560 2495 396 
2383 774 2506 631 
2384 160 287 159 
2385 153 296 152 
2386 139 292 138 
2387 191 293 190 
2388 209 289 208 
2389 62 294 61 
2390 76 291 75 
2391 170 290 169 
2392 34 297 33 
2393 44 295 43 
2394 205 288 204 
2395 737 739 738 
2396 1602 1603 1599 
2397 326 328 327 
2398 2244 2246 2245 
2399 467 468 466 
2400 844 2793 2720 
2401 1668 1669 1667 
2402 1882 1883 1881 
2403 771 772 652 
2404 1340 2486 1843 
2405 162 247 161 
2406 182 246 181 
2407 176 252 175 
2408 211 251 210 
2409 112 264 111 
2410 106 265 105 
2411 155 248 154 
2412 70 262 69 
2413 189 256 188 
2414 85 263 84 
2415 64 269 63 
2416 57 260 56 
2417 49 266 48 
2418 147 261 146 
2419 78 259 77 
2420 126 258 125 
2421 168 250 167 
2422 36 270 35 
2423 203 245 202 
2424 99 268 98 
2425 141 255 140 
2426 133 253 132 
2427 91 254 90 
2428 2 244 216 
2429 197 249 196 
2430 42 267 41 
2431 120 257 119 
2432 699 700 698 
2433 1244 1301 1300 
2434 583 591 568 
2435 1284 1730 1369 
2436 857 858 853 
2437 348 349 346 
2438 2081 2082 1773 
2439 1518 2444 1522 
2440 1367 2529 1128 
2441 354 355 353 
2442 1735 2508 1449 
2443 1766 1767 1529 
2444 1561 2461 2460 
2445 1804 1806 1805 
2446 504 505 503 
2447 665 667 666 
2448 1734 1735 1449 
2449 791 792 789 
2450 1162 1323 1322 
2451 1336 1789 1182 
2452 1553 1555 1554 
2453 766 2775 2640 
2454 328 330 329 
2455 2269 2594 1836 
2456 807 808 806 
2457 1915 1921 1917 
2458 1362 1494 1361 
2459 2776 2779 1177 
2460 871 872 870 
2461 393 394 392 
2462 1555 1557 1556 
2463 1440 2290 1442 
2464 1839 2368 1361 
2465 1263 1264 1179 
2466 1608 1609 1607 
2467 417 2482 416 
2468 911 2323 1450 
2469 739 741 740 
2470 2004 2005 2003 
2471 1476 1477 1470 
2472 1486 1487 1485 
2473 1463 1464 548 
2474 992 994 993 
2475 1235 1782 1403 
2476 1128 2529 1127 
2477 429 430 428 
2478 701 702 700 
2479 637 2330 380 
2480 1495 1496 1494 
2481 619 1493 608 
2482 2377 2378 314 
2483 1372 2559 2291 
2484 1216 2366 1352 
2485 1301 1415 1414 
2486 621 731 635 
2487 1308 1438 962 
2488 2999 3008 2410 
2489 1410 2105 1198 
2490 1488 1489 1487 
2491 1670 1671 1669 
2492 1497 1498 1496 
2493 667 669 668 
2494 1490 1532 1489 
2495 809 810 808 
2496 349 2513 346 
2497 938 939 772 
2498 1392 1481 1275 
2499 1610 1625 1609 
2500 1340 1611 1341 
2501 925 2476 2475 
2502 659 2456 657 
2503 1127 2506 774 
2504 891 2549 887 
2505 1478 1479 1477 
2506 865 866 863 
2507 1493 2516 608 
2508 2075 2076 2074 
2509 1187 2514 1130 
2510 1672 1673 1671 
2511 379 381 380 
2512 1133 1195 953 
2513 2002 2003 2001 
2514 681 690 659 
2515 1806 1808 1807 
2516 1108 1110 1109 
2517 873 874 872 
2518 686 730 629 
2519 415 417 416 
2520 801 802 799 
2521 469 470 468 
2522 1335 2372 730 
2523 732 735 734 
2524 1105 2512 1211 
2525 703 704 702 
2526 1461 1780 1459 
2527 1666 1667 1326 
2528 631 682 623 
2529 979 2379 792 
2530 1254 2497 1256 
2531 695 696 693 
2532 1257 2496 1299 
2533 1430 1896 1328 
2534 2353 2356 2352 
2535 431 432 430 
2536 1013 1015 1014 
2537 741 743 742 
2538 1585 1586 1583 
2539 1105 1211 1209 
2540 1930 2501 1331 
2541 424 2518 565 
2542 1800 2749 1802 
2543 1085 1086 1084 
2544 1400 1907 1906 
2545 1323 2358 1635 
2546 696 2515 693 
2547 1783 2480 2067 
2548 1561 1563 1562 
2549 1824 1825 1823 
2550 395 396 394 
2551 1674 1675 1673 
2552 1622 2740 2721 
2553 1761 1762 1447 
2554 626 663 662 
2555 2707 2735 1621 
2556 1256 1553 1405 
2557 356 357 355 
2558 1360 1361 1321 
2559 1484 1485 1482 
2560 1439 1772 1438 
2561 1299 1704 1703 
2562 1025 1026 1024 
2563 488 490 489 
2564 332 334 333 
2565 506 507 505 
2566 1004 1005 1003 
2567 2246 2248 2247 
2568 377 379 378 
2569 449 451 450 
2570 1503 1504 1502 
2571 2425 2866 2437 
2572 1121 1122 1120 
2573 811 812 810 
2574 669 671 670 
2575 1212 1284 1283 
2576 1036 1038 1037 
2577 2526 2686 1481 
2578 1856 1858 1857 
2579 331 3157 2162 
2580 2478 2759 2481 
2581 413 415 414 
2582 1626 1627 1625 
2583 1376 1377 1375 
2584 1549 1550 1479 
2585 1783 2067 2066 
2586 1563 1565 1564 
2587 1457 1471 1458 
2588 875 876 874 
2589 1096 1098 1097 
2590 705 706 704 
2591 1357 2514 1187 
2592 943 944 942 
2593 455 457 456 
2594 2000 2001 1394 
2595 604 2585 1183 
2596 1808 1810 1809 
2597 639 845 641 
2598 1847 2503 1849 
2599 493 495 494 
2600 1858 1860 1859 
2601 1537 1538 1536 
2602 336 338 337 
2603 1874 2396 1870 
2604 1776 1777 1775 
2605 495 498 496 
2606 414 2646 410 
2607 381 383 382 
2608 1453 1454 1451 
2609 783 785 784 
2610 1524 2425 1504 
2611 1505 1506 1504 
2612 1667 2523 1326 
2613 358 359 357 
2614 1890 1920 1250 
2615 2077 2079 2076 
2616 1206 2574 653 
2617 2358 2360 2359 
2618 1397 1399 1398 
2619 1839 2771 2368 
2620 433 434 432 
2621 743 745 744 
2622 1676 1677 1675 
2623 1558 1561 1560 
2624 1918 1937 1750 
2625 1849 1852 1851 
2626 1378 1379 1377 
2627 457 459 458 
2628 1465 2489 1466 
2629 1218 1340 1294 
2630 1548 2430 1536 
2631 671 673 672 
2632 1130 1367 1128 
2633 301 302 300 
2634 1098 1100 1099 
2635 847 849 848 
2636 928 1127 774 
2637 707 708 706 
2638 1860 1862 1861 
2639 508 509 507 
2640 342 344 343 
2641 945 946 944 
2642 2248 2251 2250 
2643 1592 2411 1577 
2644 1565 1567 1566 
2645 1161 1472 1312 
2646 1445 1764 1763 
2647 745 747 746 
2648 1501 1502 1499 
2649 1782 2480 1783 
2650 1158 1292 1291 
2651 877 878 876 
2652 1836 2375 1398 
2653 2095 2097 2096 
2654 1591 2417 1588 
2655 902 2492 1912 
2656 1539 1540 1538 
2657 471 472 470 
2658 343 2591 341 
2659 813 814 812 
2660 2577 2771 694 
2661 1411 1436 1424 
2662 769 770 684 
2663 994 996 995 
2664 1027 1028 1026 
2665 1507 1508 1506 
2666 1110 1112 1111 
2667 1551 1552 1550 
2668 340 342 341 
2669 841 842 840 
2670 905 906 904 
2671 1535 1536 1533 
2672 397 398 396 
2673 673 675 674 
2674 419 421 420 
2675 1380 1381 1379 
2676 2691 2753 1615 
2677 1862 1864 1863 
2678 1838 2791 775 
2679 1038 1040 1039 
2680 1280 1357 1187 
2681 709 710 708 
2682 2730 2789 2497 
2683 1628 1645 1627 
2684 907 908 906 
2685 632 964 633 
2686 1826 1827 1825 
2687 799 2426 798 
2688 1567 1569 1568 
2689 747 749 748 
2690 1706 1759 1407 
2691 344 346 345 
2692 1853 1856 1855 
2693 1796 1797 1795 
2694 1893 1928 1270 
2695 2777 2803 1843 
2696 815 816 814 
2697 808 2729 806 
2698 2197 2199 2198 
2699 1305 2747 1903 
2700 902 1912 1911 
2701 1185 1240 1239 
2702 996 2493 995 
2703 2083 2084 2082 
2704 851 853 852 
2705 879 880 878 
2706 1465 1466 1464 
2707 1541 1542 1540 
2708 1798 1799 1797 
2709 1810 1812 1811 
2710 360 361 359 
2711 1509 1510 1508 
2712 1374 1375 1358 
2713 327 2531 325 
2714 1492 1925 1348 
2715 1462 2295 2218 
2716 929 2558 1248 
2717 2485 2675 2535 
2718 1569 1571 1570 
2719 777 778 776 
2720 2136 2137 1777 
2721 2172 2173 1897 
2722 643 989 645 
2723 1368 1933 1932 
2724 435 436 434 
2725 2267 2268 2035 
2726 1794 1795 1793 
2727 2174 2175 2173 
2728 1236 1787 1337 
2729 1017 1019 1018 
2730 1678 1679 1677 
2731 1864 1866 1865 
2732 473 474 472 
2733 1511 1512 1510 
2734 711 712 710 
2735 798 2426 1237 
2736 836 3019 2413 
2737 1543 1544 1542 
2738 399 400 398 
2739 421 423 422 
2740 2640 2775 2503 
2741 881 882 880 
2742 614 632 615 
2743 510 511 509 
2744 1828 1829 1827 
2745 1455 1711 1454 
2746 1571 1573 1572 
2747 1800 1801 1799 
2748 787 789 788 
2749 2373 2682 1493 
2750 583 592 591 
2751 592 614 593 
2752 459 461 460 
2753 749 751 750 
2754 1040 1081 1080 
2755 1323 1406 1322 
2756 675 2525 932 
2757 793 795 794 
2758 2288 2834 375 
2759 1545 1546 1544 
2760 911 912 910 
2761 1513 1514 1512 
2762 1640 1641 1552 
2763 1812 1814 1813 
2764 1382 1383 1381 
2765 2242 2243 2241 
2766 1087 1088 1086 
2767 2067 2069 2068 
2768 1547 1653 1546 
2769 2568 2569 1912 
2770 817 818 816 
2771 859 861 860 
2772 1734 1736 1735 
2773 1473 1690 1475 
2774 430 2763 428 
2775 861 863 862 
2776 791 793 792 
2777 795 797 796 
2778 1680 1681 1679 
2779 554 2609 1258 
2780 498 500 499 
2781 1263 1368 1264 
2782 539 2636 532 
2783 857 859 858 
2784 957 958 946 
2785 1914 1915 1785 
2786 1006 1007 1005 
2787 1646 1647 1645 
2788 2097 2099 2098 
2789 2499 2799 1078 
2790 1830 1831 1829 
2791 797 799 798 
2792 578 2573 590 
2793 1866 1868 1867 
2794 900 2492 902 
2795 362 363 361 
2796 1436 1467 1437 
2797 437 438 436 
2798 967 2314 854 
2799 1078 1079 952 
2800 1573 1575 1574 
2801 644 2610 2333 
2802 751 753 752 
2803 1814 1816 1815 
2804 2376 2733 1057 
2805 1266 1927 1431 
2806 1654 1655 1653 
2807 385 387 386 
2808 1903 1904 1409 
2809 1129 2562 1186 
2810 2069 2071 2070 
2811 1392 1482 1481 
2812 1515 1516 1514 
2813 691 693 692 
2814 1868 1870 1869 
2815 1602 1604 1603 
2816 1787 2289 1788 
2817 346 2513 345 
2818 1690 1935 1691 
2819 1642 1643 1641 
2820 1352 2366 1696 
2821 475 476 474 
2822 675 677 676 
2823 1870 1872 1871 
2824 1100 2509 1099 
2825 1575 1577 1576 
2826 423 425 424 
2827 1682 1683 1681 
2828 387 389 388 
2829 461 463 462 
2830 1019 1021 1020 
2831 2720 2793 2496 
2832 401 402 400 
2833 693 2515 692 
2834 1205 1216 1215 
2835 2176 2178 2175 
2836 1517 1518 1516 
2837 686 900 730 
2838 2685 2783 375 
2839 681 691 690 
2840 599 2574 1631 
2841 731 732 635 
2842 647 683 649 
2843 650 2610 646 
2844 883 884 882 
2845 998 1000 999 
2846 1112 1114 1113 
2847 364 365 363 
2848 845 2521 641 
2849 1052 2753 2691 
2850 1240 1354 1241 
2851 865 867 866 
2852 1802 1803 1801 
2853 867 869 868 
2854 713 714 712 
2855 819 820 818 
2856 2099 2112 2100 
2857 1604 1606 1605 
2858 1577 1579 1578 
2859 1872 1879 1878 
2860 1832 1833 1831 
2861 3253 3254 306 
2862 1335 2902 2373 
2863 753 755 754 
2864 1816 1818 1817 
2865 2726 2743 678 
2866 1553 2789 1555 
2867 2184 2622 2182 
2868 1029 1030 1028 
2869 1656 1697 1655 
2870 801 803 802 
2871 1480 2585 598 
2872 1216 1351 1350 
2873 1467 1469 1468 
2874 803 805 804 
2875 695 697 696 
2876 1879 1881 1880 
2877 425 427 426 
2878 1487 2769 1485 
2879 500 502 501 
2880 1579 1581 1580 
2881 1384 2502 1383 
2882 949 2607 2499 
2883 697 699 698 
2884 1555 1556 1554 
2885 1445 2517 1764 
2886 780 781 778 
2887 1553 1554 1405 
2888 2071 2073 2072 
2889 1360 1362 1361 
2890 663 664 662 
2891 1362 1495 1494 
2892 1484 1486 1485 
2893 755 757 756 
2894 348 350 349 
2895 735 736 734 
2896 350 352 351 
2897 1519 1520 1518 
2898 1669 2783 1667 
2899 821 822 820 
2900 1684 1685 1683 
2901 1486 1488 1487 
2902 2085 2086 2084 
2903 737 738 736 
2904 389 391 390 
2905 1557 1558 1556 
2906 1330 1824 1823 
2907 463 465 464 
2908 869 871 870 
2909 715 716 714 
2910 823 824 822 
2911 1123 1124 1122 
2912 1720 1984 1983 
2913 1495 1497 1496 
2914 1488 1490 1489 
2915 1211 1212 1209 
2916 665 666 664 
2917 1921 1922 1917 
2918 885 886 884 
2919 1695 1713 1712 
2920 805 807 806 
2921 717 718 716 
2922 757 759 758 
2923 1635 2787 1706 
2924 1490 1533 1532 
2925 1804 1805 1803 
2926 739 740 738 
2927 1081 1083 1082 
2928 825 826 824 
2929 1497 1499 1498 
2930 719 720 718 
2931 1586 1588 1587 
2932 1606 1608 1607 
2933 1354 1705 1355 
2934 1581 1583 1582 
2935 759 761 760 
2936 1666 1668 1667 
2937 2391 2392 1875 
2938 1649 1723 1643 
2939 1883 1885 1884 
2940 699 701 700 
2941 1106 1107 958 
2942 871 873 872 
2943 807 809 808 
2944 377 2527 379 
2945 1588 1590 1589 
2946 892 893 891 
2947 667 668 666 
2948 1447 2605 1444 
2949 1284 1369 1283 
2950 1443 2517 1445 
2951 1469 1476 1470 
2952 1000 1002 1001 
2953 1340 1341 1294 
2954 352 354 353 
2955 1464 2591 548 
2956 928 1128 1127 
2957 1561 1562 1560 
2958 2406 2407 1593 
2959 465 467 466 
2960 502 504 503 
2961 2087 2088 2086 
2962 1021 1023 1022 
2963 2002 2004 2003 
2964 643 2521 989 
2965 701 703 702 
2966 683 769 684 
2967 2473 2771 2577 
2968 1852 1853 1851 
2969 1668 1670 1669 
2970 1651 3007 2962 
2971 391 393 392 
2972 637 2605 2330 
2973 741 742 740 
2974 761 765 764 
2975 2244 2245 2243 
2976 1281 1720 1719 
2977 512 513 511 
2978 1089 1090 1088 
2979 2430 2841 1532 
2980 1501 1503 1502 
2981 895 896 893 
2982 1806 1807 1805 
2983 2000 2002 2001 
2984 1425 1426 1207 
2985 1563 1564 1562 
2986 984 2578 2542 
2987 1834 1835 1833 
2988 1608 1610 1609 
2989 809 811 810 
2990 932 2711 1204 
2991 1008 1009 1007 
2992 721 722 720 
2993 967 2530 2314 
2994 1590 1750 1749 
2995 1416 2103 1415 
2996 890 891 887 
2997 669 670 668 
2998 897 899 896 
2999 873 875 874 
3000 1280 1358 1357 
3001 1670 1672 1671 
3002 827 828 826 
3003 427 429 428 
3004 1686 1687 1685 
3005 641 2521 643 
3006 1476 1478 1477 
3007 1503 1505 1504 
3008 1496 2778 1494 
3009 2395 2396 1874 
3010 1535 1537 1536 
3011 1858 1859 1857 
3012 2523 2783 2685 
3013 703 705 704 
3014 467 469 468 
3015 1376 1378 1377 
3016 1213 1214 1142 
3017 1610 1626 1625 
3018 1374 1376 1375 
3019 1273 1349 1131 
3020 2186 2216 1835 
3021 1430 1897 1896 
3022 724 725 722 
3023 1286 1905 1768 
3024 1537 1539 1538 
3025 1856 1857 1855 
3026 2073 2075 2074 
3027 1808 1809 1807 
3028 1186 2562 1281 
3029 1565 1566 1564 
3030 1672 1674 1673 
3031 2516 2572 584 
3032 728 729 725 
3033 1860 1861 1859 
3034 504 506 505 
3035 2421 2425 1524 
3036 1296 1297 1220 
3037 830 831 828 
3038 1438 2646 962 
3039 2410 2411 1592 
3040 1478 1549 1479 
3041 929 1248 1176 
3042 393 395 394 
3043 765 768 767 
3044 743 744 742 
3045 671 672 670 
3046 834 835 831 
3047 1185 1239 549 
3048 1248 1250 1249 
3049 1219 1220 1059 
3050 403 404 402 
3051 875 877 876 
3052 439 440 438 
3053 1693 1929 1687 
3054 1378 1380 1379 
3055 1141 1142 918 
3056 2429 2430 1548 
3057 1505 1507 1506 
3058 1292 2189 1389 
3059 705 707 706 
3060 429 431 430 
3061 2488 2579 2538 
3062 354 356 355 
3063 1225 1226 1214 
3064 811 813 812 
3065 1472 1473 1312 
3066 1674 1676 1675 
3067 477 478 476 
3068 1396 1397 1297 
3069 2341 2568 2339 
3070 412 2647 413 
3071 1567 1568 1566 
3072 1862 1863 1861 
3073 782 783 729 
3074 2531 2781 2327 
3075 1539 1541 1540 
3076 366 367 365 
3077 1046 1193 1192 
3078 1522 2444 2443 
3079 1454 2607 1451 
3080 846 847 835 
3081 850 851 849 
3082 2095 2096 2088 
3083 786 787 785 
3084 673 674 672 
3085 1319 1331 1226 
3086 1507 1509 1508 
3087 1380 1382 1381 
3088 745 746 744 
3089 1051 2610 650 
3090 707 709 708 
3091 877 879 878 
3092 1737 1930 1331 
3093 2477 2768 2588 
3094 2104 2623 530 
3095 1193 1270 1269 
3096 991 992 960 
3097 1626 1628 1627 
3098 1108 1109 1107 
3099 506 508 507 
3100 1526 1527 1525 
3101 1569 1570 1568 
3102 1278 1348 1347 
3103 1091 2747 1093 
3104 696 2541 2515 
3105 747 748 746 
3106 1864 1865 1863 
3107 1541 1543 1542 
3108 1824 1826 1825 
3109 2246 2247 2245 
3110 1137 1278 1277 
3111 768 840 839 
3112 1549 1551 1550 
3113 1083 1085 1084 
3114 842 904 903 
3115 1231 1525 1102 
3116 2183 2184 2182 
3117 1571 1572 1570 
3118 431 433 432 
3119 356 358 357 
3120 709 711 710 
3121 879 881 880 
3122 469 471 470 
3123 813 815 814 
3124 1411 2593 1436 
3125 1528 1529 1527 
3126 1221 1644 1047 
3127 1135 1136 1049 
3128 331 332 330 
3129 493 2535 495 
3130 1810 1811 1809 
3131 1509 1511 1510 
3132 1125 2559 1203 
3133 1272 1530 1134 
3134 1543 1545 1544 
3135 1002 1004 1003 
3136 1132 1898 1271 
3137 1511 1513 1512 
3138 2172 2174 2173 
3139 1188 1189 1136 
3140 1125 1126 1124 
3141 395 397 396 
3142 1178 1179 964 
3143 770 777 776 
3144 1023 1025 1024 
3145 1545 1547 1546 
3146 2196 2197 2184 
3147 1547 1654 1653 
3148 1773 2462 1772 
3149 590 610 609 
3150 1219 2663 1296 
3151 684 2791 649 
3152 492 493 490 
3153 514 515 513 
3154 1573 1574 1572 
3155 1765 1766 1529 
3156 2181 2182 1658 
3157 815 817 816 
3158 1061 2739 2494 
3159 454 455 451 
3160 390 2785 388 
3161 1114 1116 1115 
3162 1420 1422 1421 
3163 335 336 334 
3164 568 2534 539 
3165 2075 2077 2076 
3166 856 857 853 
3167 1288 1345 1189 
3168 545 1614 547 
3169 1315 1420 1419 
3170 749 750 748 
3171 1676 1678 1677 
3172 881 883 882 
3173 857 2538 859 
3174 654 655 653 
3175 1387 1923 1345 
3176 1513 1515 1514 
3177 2416 2417 1591 
3178 1260 1895 1265 
3179 953 2492 900 
3180 516 517 515 
3181 521 528 520 
3182 908 910 909 
3183 529 531 528 
3184 518 520 517 
3185 1866 1867 1865 
3186 2236 2886 2238 
3187 508 510 509 
3188 790 791 789 
3189 603 653 601 
3190 1406 2114 1746 
3191 1575 1576 1574 
3192 1382 1384 1383 
3193 433 435 434 
3194 358 360 359 
3195 656 657 655 
3196 2473 2577 986 
3197 1031 1032 1030 
3198 1205 1215 933 
3199 595 596 594 
3200 1609 2807 1607 
3201 1654 1656 1655 
3202 599 1631 597 
3203 1826 1828 1827 
3204 669 2782 671 
3205 540 568 539 
3206 418 419 417 
3207 546 1251 544 
3208 578 590 589 
3209 2030 2031 1710 
3210 1422 1793 1792 
3211 2426 2593 1237 
3212 984 2542 1166 
3213 1091 1092 1090 
3214 1812 1813 1811 
3215 556 1480 598 
3216 1166 1366 1365 
3217 711 713 712 
3218 1762 1775 1774 
3219 612 613 596 
3220 1515 1517 1516 
3221 1551 1640 1552 
3222 1366 1908 1386 
3223 751 752 750 
3224 339 340 338 
3225 554 1258 1196 
3226 675 676 674 
3227 2034 2036 1924 
3228 569 583 568 
3229 1162 1322 1313 
3230 471 473 472 
3231 1698 2743 2726 
3232 923 1162 924 
3233 534 539 532 
3234 1772 2312 2311 
3235 587 923 611 
3236 1262 1263 1179 
3237 912 914 913 
3238 1010 1011 1009 
3239 1628 1646 1645 
3240 601 2574 599 
3241 1577 1578 1576 
3242 419 2540 421 
3243 1868 1869 1867 
3244 397 399 398 
3245 817 819 818 
3246 1251 2527 544 
3247 1248 2558 1890 
3248 1391 1392 1275 
3249 1274 1275 1247 
3250 2248 2250 2247 
3251 315 588 317 
3252 628 629 619 
3253 618 619 608 
3254 1784 2591 1464 
3255 1586 1587 1583 
3256 1110 1111 1109 
3257 1870 1871 1869 
3258 1166 2542 1366 
3259 1678 1680 1679 
3260 582 594 564 
3261 1883 1884 1881 
3262 1733 1734 1449 
3263 600 604 602 
3264 1466 1785 1784 
3265 1025 1027 1026 
3266 1872 1878 1871 
3267 1596 1597 551 
3268 1258 1310 1309 
3269 914 952 951 
3270 1814 1815 1813 
3271 1517 1519 1518 
3272 1240 1241 1239 
3273 1828 1830 1829 
3274 360 362 361 
3275 753 754 752 
3276 1483 1484 1482 
3277 607 608 586 
3278 1448 1449 1227 
3279 510 512 511 
3280 604 606 605 
3281 1242 1820 1244 
3282 1774 2605 1447 
3283 1085 1087 1086 
3284 685 686 629 
3285 1254 1256 1255 
3286 435 437 436 
3287 1191 1247 947 
3288 1004 1006 1005 
3289 901 953 900 
3290 1579 1580 1578 
3291 1663 1664 1621 
3292 1767 2566 2484 
3293 1915 1917 1916 
3294 1598 1599 1597 
3295 405 406 404 
3296 1695 1712 1353 
3297 1402 2047 2045 
3298 533 1770 536 
3299 864 865 863 
3300 585 2762 2360 
3301 658 659 657 
3302 1656 1699 1697 
3303 2498 2844 1893 
3304 2156 2157 2155 
3305 1690 1691 1475 
3306 1320 1321 1230 
3307 1257 1299 1298 
3308 441 442 440 
3309 610 621 620 
3310 473 475 474 
3311 1879 1880 1878 
3312 1314 2104 530 
3313 950 1254 1200 
3314 2097 2098 2096 
3315 883 885 884 
3316 1711 1791 1790 
3317 1232 2109 1427 
3318 1680 1682 1681 
3319 368 369 367 
3320 399 401 400 
3321 1581 1582 1580 
3322 1359 1360 1321 
3323 1615 1617 1616 
3324 1830 1832 1831 
3325 2174 2176 2175 
3326 1640 1642 1641 
3327 1256 1405 1404 
3328 800 801 799 
3329 622 623 613 
3330 1016 1017 1015 
3331 1428 1909 1233 
3332 819 821 820 
3333 1126 2500 1161 
3334 479 480 478 
3335 694 695 693 
3336 1778 1779 552 
3337 955 1257 1150 
3338 821 823 822 
3339 1299 1703 1701 
3340 939 942 941 
3341 1590 1749 1589 
3342 1601 1602 1599 
3343 713 715 714 
3344 545 2741 1614 
3345 384 385 383 
3346 885 887 886 
3347 598 2585 600 
3348 755 756 754 
3349 1937 1938 1750 
3350 1519 1709 1520 
3351 1588 1589 1587 
3352 677 678 676 
3353 1984 2028 1983 
3354 2154 2155 1910 
3355 1140 1615 1285 
3356 954 1133 953 
3357 823 825 824 
3358 362 364 363 
3359 1682 1684 1683 
3360 1216 1350 1215 
3361 1720 1983 1719 
3362 1816 1817 1815 
3363 680 681 659 
3364 1622 1624 1623 
3365 1173 1891 1045 
3366 1229 1230 1103 
3367 1259 1343 1342 
3368 437 439 438 
3369 715 717 716 
3370 2481 2737 636 
3371 1305 1409 1408 
3372 1079 1105 1104 
3373 2077 2127 2079 
3374 2251 2252 2250 
3375 892 895 893 
3376 732 734 733 
3377 890 892 891 
3378 1012 1013 1011 
3379 1301 1416 1415 
3380 1351 1715 1350 
3381 606 617 616 
3382 717 719 718 
3383 757 758 756 
3384 475 477 476 
3385 2650 2730 2497 
3386 1397 1401 1399 
3387 407 408 406 
3388 1354 1355 1241 
3389 443 444 442 
3390 1138 1199 1133 
3391 1093 1094 1092 
3392 1657 2193 2057 
3393 719 721 720 
3394 847 850 849 
3395 1050 1259 1194 
3396 370 371 369 
3397 401 403 402 
3398 1281 2562 1720 
3399 621 635 634 
3400 1129 1130 1128 
3401 1788 3134 3130 
3402 544 2527 377 
3403 481 482 480 
3404 1841 2000 1394 
3405 825 827 826 
3406 783 786 785 
3407 409 410 408 
3408 321 553 323 
3409 897 918 899 
3410 3034 3078 1913 
3411 1033 1034 1032 
3412 759 760 758 
3413 895 897 896 
3414 597 2647 412 
3415 347 348 346 
3416 632 1178 964 
3417 448 449 446 
3418 445 446 444 
3419 372 373 371 
3420 1642 1649 1643 
3421 630 631 623 
3422 1558 1560 1559 
3423 1306 1621 1171 
3424 2311 2646 1438 
3425 1181 1622 1318 
3426 1790 2607 1454 
3427 412 413 410 
3428 1534 1535 1533 
3429 1116 1118 1117 
3430 483 484 482 
3431 1393 1394 1224 
3432 1905 1948 1768 
3433 364 366 365 
3434 590 2573 1245 
3435 376 377 373 
3436 1141 1213 1142 
3437 1058 1218 1217 
3438 2239 2241 2240 
3439 777 780 778 
3440 1847 1849 1848 
3441 1095 1096 1094 
3442 1027 1029 1028 
3443 617 626 625 
3444 761 764 760 
3445 1500 1501 1499 
3446 487 488 484 
3447 1922 2280 2222 
3448 689 774 631 
3449 1832 1834 1833 
3450 1885 1887 1884 
3451 927 928 774 
3452 1213 1225 1214 
3453 1961 2772 1958 
3454 2099 2100 2098 
3455 1105 1209 1208 
3456 1186 1187 1130 
3457 1212 1283 1282 
3458 916 1847 1846 
3459 1369 1721 1370 
3460 1112 1113 1111 
3461 1849 1851 1850 
3462 626 662 661 
3463 1620 1756 1755 
3464 1279 1280 1187 
3465 1804 2818 1806 
3466 851 856 853 
3467 1341 1729 1728 
3468 1925 2532 1348 
3469 1219 1296 1220 
3470 1436 2593 2273 
3471 1218 1294 1293 
3472 724 728 725 
3473 1035 1036 1034 
3474 1118 1120 1119 
3475 1317 1634 1180 
3476 721 724 722 
3477 2756 2777 1843 
3478 2649 2720 2496 
3479 1248 1249 1176 
3480 1146 1305 1304 
3481 1373 1374 1358 
3482 1853 1855 1854 
3483 1688 1689 1634 
3484 889 1651 917 
3485 1684 1686 1685 
3486 765 767 764 
3487 1597 2535 551 
3488 1296 2663 1402 
3489 842 903 840 
3490 1603 2597 2485 
3491 827 830 828 
3492 1324 1326 1261 
3493 592 1246 614 
3494 328 331 330 
3495 1729 1986 1951 
3496 728 782 729 
3497 791 915 793 
3498 787 790 789 
3499 830 834 831 
3500 989 2742 645 
3501 834 846 835 
3502 1406 1746 1322 
3503 1417 1666 1326 
3504 1225 1319 1226 
3505 1705 1718 1355 
3506 646 2610 644 
3507 548 2591 343 
3508 1193 1269 1192 
3509 1444 2605 637 
3510 1392 1483 1482 
3511 1296 1396 1297 
3512 449 454 451 
3513 488 492 490 
3514 2523 2685 990 
3515 1278 1347 1277 
3516 1750 2536 1749 
3517 1319 1737 1331 
3518 1834 2186 1835 
3519 687 2619 2498 
3520 1721 1947 1743 
3521 1737 1991 1930 
3522 1250 1303 1249 
3523 2545 2640 2503 
3524 3147 3197 1934 
3525 1527 2784 1525 
3526 1420 2830 1422 
3527 1769 2135 1073 
3528 1258 2609 1894 
3529 332 335 334 
3530 1935 1936 1691 
3531 1583 2563 1582 
3532 908 909 906 
3533 1231 1526 1525 
3534 1686 1693 1687 
3535 1272 1531 1530 
3536 768 839 767 
3537 1734 2059 1736 
3538 1270 1356 1269 
3539 1368 1934 1933 
3540 1526 1528 1527 
3541 997 998 996 
3542 1348 1739 1347 
3543 2112 2159 2100 
3544 1649 1724 1723 
3545 855 991 960 
3546 780 937 781 
3547 1158 2760 1292 
3548 1898 1899 1271 
3549 861 864 863 
3550 2327 2761 324 
3551 1528 1765 1529 
3552 1429 1430 1328 
3553 1237 2593 1411 
3554 512 514 513 
3555 2610 2611 2333 
3556 415 418 417 
3557 1087 1089 1088 
3558 1006 1008 1007 
3559 904 984 903 
3560 686 901 900 
3561 2398 2867 1167 
3562 1797 2141 1795 
3563 865 898 867 
3564 797 800 799 
3565 1372 2291 1943 
3566 691 694 693 
3567 1451 2607 949 
3568 336 339 338 
3569 533 2731 1770 
3570 1135 1188 1136 
3571 2181 2183 2182 
3572 1330 2711 1824 
3573 647 2742 683 
3574 912 913 910 
3575 1247 2538 947 
3576 1420 1421 1419 
3577 529 532 531 
3578 24 527 25 
3579 1188 1288 1189 
3580 514 516 515 
3581 1387 1924 1923 
3582 2183 2196 2184 
3583 521 529 528 
3584 518 521 520 
3585 782 2575 783 
3586 1554 1714 1405 
3587 516 518 517 
3588 1362 1707 1495 
3589 1100 2510 2509 
3590 534 540 539 
3591 1162 1313 924 
3592 1486 1491 1488 
3593 590 609 589 
3594 2198 2622 2184 
3595 1288 1387 1345 
3596 812 2822 810 
3597 1779 2540 552 
3598 1093 2747 1146 
3599 376 544 377 
3600 540 569 568 
3601 846 2576 847 
3602 801 836 803 
3603 1373 2561 2560 
3604 603 654 653 
3605 654 656 655 
3606 1114 1115 1113 
3607 1915 1916 1785 
3608 2182 2706 1658 
3609 923 924 611 
3610 1191 1274 1247 
3611 928 1129 1128 
3612 856 947 857 
3613 1490 1534 1533 
3614 1422 1792 1421 
3615 695 773 697 
3616 1280 1373 1358 
3617 1079 1104 952 
3618 1884 2602 1881 
3619 569 584 583 
3620 887 2549 886 
3621 381 384 383 
3622 492 551 493 
3623 1274 1391 1275 
3624 595 612 596 
3625 1906 2928 2269 
3626 1366 1386 1365 
3627 403 405 404 
3628 1558 1559 1556 
3629 1327 1328 1170 
3630 551 2535 493 
3631 1793 2140 1792 
3632 2012 2063 1854 
3633 1922 2222 1917 
3634 1483 1996 1484 
3635 732 733 635 
3636 26 543 27 
3637 618 628 619 
3638 628 685 629 
3639 1908 1998 1386 
3640 607 618 608 
3641 28 559 1 
3642 656 658 657 
3643 1497 1500 1499 
3644 1178 1262 1179 
3645 1256 1404 1255 
3646 947 2538 857 
3647 612 622 613 
3648 582 595 594 
3649 962 2646 414 
3650 610 620 609 
3651 1341 1728 1294 
3652 604 605 602 
3653 1564 1662 1562 
3654 439 441 440 
3655 1853 1854 1851 
3656 998 2557 1000 
3657 1254 1255 1200 
3658 1448 1733 1449 
3659 1503 1732 1505 
3660 1359 1944 1360 
3661 3 537 4 
3662 1457 2283 1471 
3663 914 951 913 
3664 1320 1359 1321 
3665 5 577 6 
3666 1374 1941 1376 
3667 736 2545 734 
3668 1535 1940 1537 
3669 1615 1616 1285 
3670 1466 1784 1464 
3671 477 479 478 
3672 1617 1919 1616 
3673 10 566 11 
3674 1051 2611 2610 
3675 886 2549 1242 
3676 1938 2536 1750 
3677 1186 1281 1279 
3678 1262 1267 1263 
3679 1530 2576 1134 
3680 1994 2041 1995 
3681 653 2574 601 
3682 2082 2462 1773 
3683 786 2543 787 
3684 366 368 367 
3685 1539 1757 1541 
3686 8 541 9 
3687 14 581 15 
3688 1500 2009 2008 
3689 1481 2686 2488 
3690 12 542 13 
3691 1299 1701 1298 
3692 1258 1309 1196 
3693 871 894 873 
3694 1436 2273 1467 
3695 344 347 346 
3696 1836 2594 2375 
3697 1029 1031 1030 
3698 1525 2575 1102 
3699 1348 2532 1739 
3700 1958 2772 1960 
3701 1801 2142 1799 
3702 1257 1298 1150 
3703 17 538 18 
3704 901 954 953 
3705 19 570 20 
3706 1711 1790 1454 
3707 1351 2552 1715 
3708 2526 2843 2686 
3709 807 833 809 
3710 2546 2547 1293 
3711 1213 1390 1225 
3712 1483 1997 1996 
3713 1616 1618 1285 
3714 1890 2612 1920 
3715 2014 2016 1559 
3716 1568 1584 1566 
3717 1596 1598 1597 
3718 680 986 681 
3719 1582 2033 2027 
3720 1777 2204 1775 
3721 668 688 666 
3722 889 890 887 
3723 498 523 500 
3724 1319 1738 1737 
3725 1369 1370 1283 
3726 1703 1989 1701 
3727 1380 1708 1382 
3728 339 550 340 
3729 2171 2172 1897 
3730 1391 2654 1392 
3731 701 726 703 
3732 1140 1141 918 
3733 1207 2530 967 
3734 1212 1282 1209 
3735 1578 1939 1576 
3736 658 680 659 
3737 1229 1320 1230 
3738 1587 2563 1583 
3739 1534 2554 2553 
3740 606 616 605 
3741 1762 1774 1447 
3742 1654 1744 1656 
3743 1507 1521 1509 
3744 1701 1702 1298 
3745 454 530 455 
3746 1644 2604 1047 
3747 1473 1475 1474 
3748 740 766 738 
3749 1521 2645 2644 
3750 652 1051 650 
3751 418 552 419 
3752 376 545 544 
3753 856 1132 947 
3754 689 929 927 
3755 457 1056 459 
3756 1543 1748 1545 
3757 1089 1091 1090 
3758 1751 2119 1474 
3759 1859 1952 1857 
3760 2627 2628 1584 
3761 1881 2602 1880 
3762 405 407 406 
3763 1612 1661 769 
3764 1281 1719 1650 
3765 1274 1716 1391 
3766 1749 1752 1589 
3767 1863 1873 1861 
3768 897 1140 918 
3769 1013 1016 1015 
3770 2031 2598 1710 
3771 1186 1279 1187 
3772 1356 1710 1269 
3773 423 452 425 
3774 445 448 446 
3775 441 443 442 
3776 1131 2500 1126 
3777 1129 1186 1130 
3778 1231 1741 1526 
3779 954 1138 1133 
3780 1772 2311 1438 
3781 1161 1312 1311 
3782 1972 2019 1970 
3783 1873 2634 2633 
3784 1404 1742 1255 
3785 1132 2601 1898 
3786 678 1717 1073 
3787 387 524 389 
3788 1574 1740 1572 
3789 1259 1342 1194 
3790 1519 2020 1709 
3791 954 1139 1138 
3792 622 630 623 
3793 407 409 408 
3794 1528 2206 1765 
3795 461 486 463 
3796 479 481 480 
3797 1606 2055 1608 
3798 1850 1877 1848 
3799 2239 2240 2237 
3800 2052 2053 1646 
3801 885 889 887 
3802 877 888 879 
3803 626 2831 663 
3804 409 412 410 
3805 552 2540 419 
3806 1598 1601 1599 
3807 1393 1841 1394 
3808 628 687 685 
3809 1582 2027 1580 
3810 1046 1192 1173 
3811 1008 1010 1009 
3812 1320 1942 1359 
3813 916 2545 1847 
3814 2002 2007 2004 
3815 621 634 620 
3816 481 483 482 
3817 569 585 584 
3818 892 1052 895 
3819 617 625 616 
3820 368 370 369 
3821 443 445 444 
3822 850 2601 851 
3823 1515 1949 1517 
3824 1511 1842 1513 
3825 680 1061 986 
3826 1743 1950 1370 
3827 630 689 631 
3828 370 372 371 
3829 929 1176 1148 
3830 677 2726 678 
3831 1849 1850 1848 
3832 1353 2552 1351 
3833 483 487 484 
3834 1970 1971 1969 
3835 843 1057 661 
3836 1938 2537 2536 
3837 1140 2691 1615 
3838 492 1595 551 
3839 372 376 373 
3840 1755 2038 1639 
3841 847 2576 850 
3842 600 2585 604 
3843 1601 1745 1602 
3844 1126 1161 1160 
3845 1469 2230 1476 
3846 2916 2926 937 
3847 1132 1271 1191 
3848 626 661 625 
3849 689 927 774 
3850 1560 2014 1559 
3851 674 679 672 
3852 1899 1900 1271 
3853 1122 1159 1120 
3854 1805 2143 1803 
3855 1218 1293 1217 
3856 2154 2156 2155 
3857 25 2021 26 
3858 1998 1999 1386 
3859 770 2716 777 
3860 1096 1145 1098 
3861 916 1845 733 
3862 1716 2215 2015 
3863 840 2606 839 
3864 1500 2008 1501 
3865 1847 1848 1846 
3866 625 627 616 
3867 546 2588 1251 
3868 707 723 709 
3869 1286 1768 1393 
3870 1139 1286 1224 
3871 2532 2533 1739 
3872 662 843 661 
3873 783 2575 786 
3874 1294 2546 1293 
3875 687 1046 1045 
3876 910 2604 909 
3877 834 950 846 
3878 594 2588 564 
3879 734 916 733 
3880 1249 1287 1176 
3881 1428 1910 1909 
3882 2109 2110 1427 
3883 1356 1988 1710 
3884 2626 2630 2627 
3885 1310 1657 1309 
3886 1899 1945 1900 
3887 1105 1208 1104 
3888 1272 1660 1531 
3889 939 941 772 
3890 813 829 815 
3891 951 1047 913 
3892 1296 1402 1396 
3893 1887 2013 1884 
3894 1355 1613 1241 
3895 1217 1219 1059 
3896 1387 2026 1924 
3897 1729 1951 1728 
3898 350 375 352 
3899 924 1339 611 
3900 1347 1747 1277 
3901 1150 1231 1102 
3902 728 955 782 
3903 1988 2030 1710 
3904 952 2658 951 
3905 950 1134 846 
3906 991 1632 992 
3907 529 533 532 
3908 984 1101 903 
3909 1058 1059 1057 
3910 1888 1889 1877 
3911 1208 1619 1104 
3912 819 832 821 
3913 1945 2024 1900 
3914 1342 1630 1194 
3915 27 1954 28 
3916 1660 1985 1531 
3917 685 2662 686 
3918 746 763 744 
3919 2206 2207 1765 
3920 1188 1385 1288 
3921 1402 2044 1396 
3922 1178 1629 1262 
3923 1946 2148 1742 
3924 13 2029 14 
3925 806 2729 969 
3926 719 844 721 
3927 1869 1886 1867 
3928 2508 2606 1101 
3929 612 624 622 
3930 648 2745 651 
3931 1878 1982 1871 
3932 585 587 586 
3933 1855 2012 1854 
3934 1722 2039 1630 
3935 1534 2553 1535 
3936 787 2543 790 
3937 955 1102 782 
3938 825 837 827 
3939 656 660 658 
3940 1200 1272 1134 
3941 1140 1285 1141 
3942 713 727 715 
3943 903 2606 840 
3944 518 1060 521 
3945 1373 2560 1374 
3946 1242 2549 1820 
3947 1620 1639 1619 
3948 587 611 607 
3949 1670 1786 1672 
3950 1405 2670 1404 
3951 1204 2711 1330 
3952 1061 1137 1103 
3953 1791 2522 1790 
3954 418 1338 552 
3955 1137 1277 1229 
3956 11 1973 12 
3957 9 1965 10 
3958 1050 1135 1049 
3959 1132 1191 947 
3960 1809 2145 1807 
3961 1716 2015 1391 
3962 445 555 448 
3963 1721 1743 1370 
3964 634 636 620 
3965 889 917 890 
3966 1166 1365 1227 
3967 752 762 750 
3968 454 1043 530 
3969 851 2601 856 
3970 1601 2058 1745 
3971 1631 2647 597 
3972 299 301 300 
3973 506 519 508 
3974 585 586 584 
3975 984 1166 1101 
3976 514 522 516 
3977 881 1064 883 
3978 18 1976 19 
3979 1404 1946 1742 
3980 587 607 586 
3981 1582 2563 2033 
3982 1281 1650 1279 
3983 609 1252 589 
3984 758 838 756 
3985 409 556 412 
3986 1169 1221 1047 
3987 545 546 544 
3988 483 554 487 
3989 1363 1388 1221 
3990 1987 1990 1388 
3991 767 956 764 
3992 1192 1316 1173 
3993 2026 2034 1924 
3994 533 534 532 
3995 1660 2017 1985 
3996 1784 2832 2507 
3997 1610 2054 1626 
3998 614 2695 632 
3999 1046 1173 1045 
4000 1283 2550 1282 
4001 1365 1448 1227 
4002 950 1200 1134 
4003 1048 1049 636 
4004 1166 1227 1101 
4005 487 2684 488 
4006 1421 2108 1419 
4007 370 1062 372 
4008 1765 2635 1766 
4009 678 1073 676 
4010 1628 2052 1646 
4011 1260 2653 1895 
4012 602 603 601 
4013 994 997 996 
4014 1674 2151 1676 
4015 687 1045 685 
4016 1058 1217 1059 
4017 384 1077 385 
4018 1596 1600 1598 
4019 2199 2913 2198 
4020 23 1953 24 
4021 603 1253 654 
4022 448 2688 449 
4023 2554 2555 2553 
4024 533 536 534 
4025 1824 2276 1826 
4026 1417 2152 1840 
4027 1061 1103 986 
4028 1373 2677 2561 
4029 2494 2728 1492 
4030 1473 1474 1312 
4031 955 1150 1102 
4032 600 601 599 
4033 1813 2146 1811 
4034 2546 2548 2547 
4035 1402 2045 2044 
4036 1478 2223 1549 
4037 22 1992 23 
4038 1137 1229 1103 
4039 929 1148 927 
4040 951 1169 1047 
4041 1720 2817 1984 
4042 1896 2757 2557 
4043 1595 1596 551 
4044 1350 1698 1215 
4045 1139 1224 1138 
4046 469 485 471 
4047 1493 2682 2516 
4048 545 547 546 
4049 547 564 546 
4050 502 1063 504 
4051 1551 2210 1640 
4052 339 1232 550 
4053 1286 1393 1224 
4054 578 589 582 
4055 1712 2552 1353 
4056 431 447 433 
4057 1244 2567 1301 
4058 843 1058 1057 
4059 2627 2629 2628 
4060 547 578 564 
4061 1315 1419 1418 
4062 578 582 564 
4063 1169 1363 1221 
4064 598 599 597 
4065 1363 1987 1388 
4066 1657 1658 1309 
4067 403 525 405 
4068 395 411 397 
4069 1850 1888 1877 
4070 556 598 597 
4071 439 453 441 
4072 1324 1417 1326 
4073 347 990 348 
4074 1043 1315 1314 
4075 2461 2876 2460 
4076 1430 2171 1897 
4077 600 602 601 
4078 635 2702 634 
4079 1050 1194 1135 
4080 477 491 479 
4081 2086 2089 2084 
4082 465 1065 467 
4083 1717 1769 1073 
4084 2069 2224 2071 
4085 1828 2233 1830 
4086 913 2604 910 
4087 1417 1840 1666 
4088 1402 2663 2047 
4089 1017 1153 1019 
4090 1678 2158 1680 
4091 1010 1012 1011 
4092 1409 2056 1408 
4093 556 597 412 
4094 358 374 360 
4095 1722 2040 2039 
4096 300 3166 3107 
4097 366 526 368 
4098 1091 1093 1092 
4099 598 600 599 
4100 2173 2802 1897 
4101 1338 1892 1778 
4102 1215 2726 933 
4103 618 2619 628 
4104 1620 1755 1639 
4105 916 1846 1845 
4106 1048 1050 1049 
4107 950 2650 1254 
4108 1342 1722 1630 
4109 2057 2181 1658 
4110 1306 1663 1621 
4111 1209 2713 1208 
4112 391 1069 393 
4113 1311 1637 1160 
4114 1817 2149 1815 
4115 1392 2654 1483 
4116 1686 2164 1693 
4117 1263 2571 1368 
4118 1832 2225 1834 
4119 1819 2749 1800 
4120 1116 1117 1115 
4121 1682 2161 1684 
4122 1208 1620 1619 
4123 1315 1418 1314 
4124 645 2742 647 
4125 583 2572 592 
4126 1093 1095 1094 
4127 933 2726 677 
4128 1622 1623 1318 
4129 1338 1778 552 
4130 2013 2602 1884 
4131 427 1066 429 
4132 2063 2701 1854 
4133 1824 2711 2276 
4134 1043 1314 530 
4135 1031 1033 1032 
4136 554 1196 1041 
4137 555 1844 448 
4138 554 1041 487 
4139 1038 1151 1040 
4140 1376 2586 1378 
4141 1196 1197 1041 
4142 1428 2153 1910 
4143 384 1633 1077 
4144 1035 1154 1036 
4145 555 2544 1844 
4146 1743 2011 1950 
4147 634 1048 636 
4148 616 2638 605 
4149 335 2687 336 
4150 1595 2608 1596 
4151 2422 2901 2419 
4152 1839 2826 2771 
4153 955 2649 1257 
4154 1728 2546 1294 
4155 1118 1119 1117 
4156 1360 2580 1362 
4157 904 2578 984 
4158 347 1260 990 
4159 354 1070 356 
4160 1484 2583 1486 
4161 769 2716 770 
4162 1634 2776 1180 
4163 1820 2567 1244 
4164 843 2756 2486 
4165 443 2652 445 
4166 584 2572 583 
4167 1317 1688 1634 
4168 1642 2202 1649 
4169 2479 2759 2478 
4170 1657 2057 1658 
4171 1907 2936 1906 
4172 734 2545 916 
4173 1265 1325 1324 
4174 1891 2662 1045 
4175 1232 1233 550 
4176 1292 2760 2227 
4177 683 1612 769 
4178 595 2656 612 
4179 1232 2687 2109 
4180 859 2579 861 
4181 906 2578 904 
4182 2073 2078 2075 
4183 1033 1035 1034 
4184 2538 2579 859 
4185 1305 1408 1304 
4186 1535 2553 1940 
4187 940 2760 1158 
4188 2527 2637 379 
4189 681 2577 691 
4190 1129 2696 2562 
4191 1327 1429 1328 
4192 997 1175 1170 
4193 683 2742 1612 
4194 435 1074 437 
4195 1673 2855 1671 
4196 958 1165 946 
4197 1267 2571 1263 
4198 724 2649 728 
4199 1374 2560 1941 
4200 399 1075 401 
4201 1260 1265 1261 
4202 830 2650 834 
4203 777 1053 780 
4204 942 1168 941 
4205 2153 2154 1910 
4206 1488 2592 1490 
4207 1944 2580 1360 
4208 362 1072 364 
4209 473 1076 475 
4210 1495 2600 1497 
4211 1161 1311 1160 
4212 1501 2595 1503 
4213 1562 2589 1560 
4214 510 1068 512 
4215 1556 2599 1554 
4216 1996 2583 1484 
4217 1936 2126 2125 
4218 1427 1428 1233 
4219 686 2662 901 
4220 1232 1427 1233 
4221 1134 2576 846 
4222 937 2755 781 
4223 1664 2707 1621 
4224 2120 2121 1652 
4225 1370 2550 1283 
4226 1547 2617 1654 
4227 21 497 22 
4228 336 2687 339 
4229 1102 2575 782 
4230 1095 2735 1096 
4231 2157 2705 2155 
4232 889 2714 1651 
4233 1638 1652 1637 
4234 2602 2603 1880 
4235 1301 2567 1416 
4236 2119 2750 1474 
4237 2247 2253 2245 
4238 428 2763 966 
4239 1081 1144 1083 
4240 2672 2673 1699 
4241 1175 1332 1327 
4242 1104 2658 952 
4243 1265 1324 1261 
4244 986 2577 681 
4245 991 1648 1632 
4246 997 1170 998 
4247 1778 2752 1779 
4248 632 2695 1178 
4249 2098 2101 2096 
4250 577 1962 6 
4251 1394 2697 1224 
4252 1378 2615 1380 
4253 1714 2670 1405 
4254 1120 2740 1119 
4255 1246 2695 614 
4256 1541 2620 1543 
4257 537 1957 4 
4258 777 2716 1053 
4259 2241 2254 2240 
4260 1857 2613 1855 
4261 1537 2624 1539 
4262 856 2601 1132 
4263 664 2756 662 
4264 1936 2125 1691 
4265 449 2688 454 
4266 1023 1149 1025 
4267 2015 2654 1391 
4268 1002 1167 1004 
4269 1141 2582 1213 
4270 488 2684 492 
4271 1570 2626 1568 
4272 1041 2684 487 
4273 532 2636 531 
4274 1648 2275 1632 
4275 1566 2639 1564 
4276 1475 1751 1474 
4277 1260 1261 990 
4278 1505 2648 1507 
4279 1239 2781 2531 
4280 550 2849 2828 
4281 1861 2632 1859 
4282 1343 2703 1342 
4283 1280 2677 1373 
4284 928 2696 1129 
4285 1138 2697 1199 
4286 1545 2641 1547 
4287 592 2572 1246 
4288 1622 2721 1624 
4289 1279 2677 1280 
4290 1865 2651 1863 
4291 1509 2643 1511 
4292 559 2018 1 
4293 1315 2788 1420 
4294 1844 2688 448 
4295 1101 2606 903 
4296 1404 2670 1946 
4297 1620 2713 1756 
4298 1612 1913 1661 
4299 2535 2675 495 
4300 1328 2557 1170 
4301 927 2696 928 
4302 2480 2732 2067 
4303 1892 2744 1778 
4304 1311 1638 1637 
4305 2205 3054 915 
4306 733 2702 635 
4307 1560 2589 2014 
4308 1576 2660 1574 
4309 413 2715 415 
4310 2008 2595 1501 
4311 738 2640 736 
4312 1093 1146 1095 
4313 1854 2701 1851 
4314 1382 2664 1384 
4315 1126 1160 1124 
4316 2056 2062 1408 
4317 581 1993 15 
4318 662 2756 843 
4319 909 2578 906 
4320 1368 2571 1934 
4321 1638 2120 1652 
4322 1851 2701 1850 
4323 2708 2709 1618 
4324 531 2636 1457 
4325 1045 2662 685 
4326 1661 2716 769 
4327 1513 2665 1515 
4328 1008 1164 1010 
4329 2671 2794 1741 
4330 1269 2598 1192 
4331 455 2623 457 
4332 1621 2735 1171 
4333 951 2658 1169 
4334 1111 1163 1109 
4335 861 2579 864 
4336 1306 1665 1663 
4337 1963 2061 2060 
4338 628 2619 687 
4339 691 2577 694 
4340 1119 1180 1117 
4341 540 2762 569 
4342 1175 1327 1170 
4343 1362 2580 1707 
4344 2580 2581 1707 
4345 2588 2768 1251 
4346 1047 2604 913 
4347 1623 1692 1318 
4348 1282 2713 1209 
4349 1029 1147 1031 
4350 1656 2672 1699 
4351 1033 1152 1035 
4352 1181 2740 1622 
4353 1483 2654 1997 
4354 1486 2583 1491 
4355 564 2588 546 
4356 1087 1143 1089 
4357 1170 2557 998 
4358 1285 2582 1141 
4359 1618 2582 1285 
4360 1467 2668 1469 
4361 2583 2584 1491 
4362 1521 2648 2645 
4363 1855 2613 2012 
4364 2628 2639 1584 
4365 1735 2825 2508 
4366 1596 2608 1600 
4367 1941 2586 1376 
4368 1867 2680 1865 
4369 1426 2530 1207 
4370 2722 2723 1702 
4371 2540 2689 421 
4372 2207 2635 1765 
4373 627 2638 616 
4374 1517 2678 1519 
4375 2558 2812 1890 
4376 1698 2726 1215 
4377 1292 2227 2189 
4378 530 2623 455 
4379 1146 1171 1095 
4380 1554 2599 1714 
4381 1208 2713 1620 
4382 1950 2550 1370 
4383 1615 2753 1617 
4384 1491 2592 1488 
4385 415 2715 418 
4386 1213 2582 1390 
4387 1390 2700 2699 
4388 1490 2592 1534 
4389 1662 2589 1562 
4390 634 2702 1048 
4391 1503 2595 1732 
4392 1707 2600 1495 
4393 2431 2908 2427 
4394 1231 2671 1741 
4395 1665 1760 1663 
4396 1873 2651 2634 
4397 2136 2896 2137 
4398 1192 2598 1316 
4399 2527 2815 2637 
4400 1146 1304 1171 
4401 1627 2864 1625 
4402 1115 1177 1113 
4403 2135 2694 1073 
4404 1304 1306 1171 
4405 1497 2600 1500 
4406 1168 1636 941 
4407 1559 2599 1556 
4408 1871 2690 1869 
4409 495 2675 498 
4410 2647 2715 413 
4411 1950 2551 2550 
4412 2446 2814 563 
4413 1349 2500 1131 
4414 612 2656 624 
4415 1572 2765 1570 
4416 1181 1318 1317 
4417 379 2637 381 
4418 1146 2747 1305 
4419 492 2684 1595 
4420 1135 2631 1188 
4421 1119 1181 1180 
4422 1753 2118 1692 
4423 537 1961 1958 
4424 1623 1753 1692 
4425 2065 2286 1760 
4426 1665 2065 1760 
4427 348 2685 350 
4428 1654 2617 1744 
4429 1757 2620 1541 
4430 1096 2735 1145 
4431 834 2650 950 
4432 1940 2624 1537 
4433 1181 1317 1180 
4434 2368 2771 2473 
4435 1900 2659 1271 
4436 665 2862 667 
4437 1564 2639 1662 
4438 895 2691 897 
4439 1534 2592 2554 
4440 1539 2624 1757 
4441 1589 2704 1587 
4442 1702 2794 2671 
4443 676 2694 674 
4444 342 2653 344 
4445 728 2649 955 
4446 454 2688 1043 
4447 1399 3001 2991 
4448 883 2714 885 
4449 1732 2648 1505 
4450 1271 2659 1191 
4451 1380 2615 1708 
4452 1500 2600 2009 
4453 781 2755 855 
4454 1568 2626 1584 
4455 1940 2625 2624 
4456 421 2689 423 
4457 1619 2658 1104 
4458 2980 2988 1303 
4459 1543 2620 1748 
4460 2235 2256 1636 
4461 1939 2660 1576 
4462 1941 2587 2586 
4463 445 2652 555 
4464 1150 2671 1231 
4465 1662 2590 2589 
4466 1584 2639 1566 
4467 1159 2740 1120 
4468 1845 2702 733 
4469 2088 2839 2371 
4470 2373 2851 2682 
4471 2595 2596 1732 
4472 569 2762 585 
4473 2016 2599 1559 
4474 1710 2598 1269 
4475 1952 2613 1857 
4476 1507 2648 1521 
4477 1191 2659 1274 
4478 21 1980 497 
4479 1386 2655 1365 
4480 1521 2643 1509 
4481 1757 2621 2620 
4482 1272 2669 1660 
4483 1485 2769 2526 
4484 678 2743 1717 
4485 1748 2641 1545 
4486 339 2687 1232 
4487 736 2640 2545 
4488 611 2657 607 
4489 607 2657 618 
4490 2547 2751 1293 
4491 457 2623 1056 
4492 1339 2657 611 
4493 1225 2699 1319 
4494 1168 2235 1636 
4495 1708 2664 1382 
4496 800 3031 2415 
4497 1200 2669 1272 
4498 1365 2655 1448 
4499 1702 2671 1298 
4500 1178 2695 1629 
4501 1939 2661 2660 
4502 1744 2672 1656 
4503 1194 2631 1135 
4504 1873 2632 1861 
4505 1863 2651 1873 
4506 1274 2659 1716 
4507 1255 2669 1200 
4508 2796 2837 1139 
4509 1457 2636 2283 
4510 1747 2683 1277 
4511 1748 2642 2641 
4512 1574 2660 1740 
4513 1826 2727 1828 
4514 1859 2632 1952 
4515 1630 2631 1194 
4516 1650 2677 1279 
4517 1511 2643 1842 
4518 1980 2132 1981 
4519 1768 2692 1393 
4520 2718 2719 1287 
4521 1298 2671 1150 
4522 1390 2699 1225 
4523 1952 2614 2613 
4524 1616 2708 1618 
4525 1958 1959 1957 
4526 1319 2699 1738 
4527 1277 2683 1229 
4528 1963 1964 1962 
4529 766 2640 738 
4530 500 2773 502 
4531 1960 2023 1959 
4532 1388 2899 2877 
4533 582 2674 595 
4534 2617 2618 1744 
4535 1916 2881 2504 
4536 1742 2669 1255 
4537 990 2685 348 
4538 2626 2627 1584 
4539 2615 2616 1708 
4540 1521 2644 2643 
4541 1515 2665 1949 
4542 381 2637 384 
4543 1842 2665 1513 
4544 897 2691 1140 
4545 721 2720 724 
4546 1739 2712 1347 
4547 1949 2679 2678 
4548 1494 2778 1839 
4549 1752 2704 1589 
4550 2768 2815 1251 
4551 1519 2678 2020 
4552 2503 2775 1852 
4553 2457 2891 1206 
4554 1241 2781 1239 
4555 1630 2798 2631 
4556 1949 2678 1517 
4557 2869 2900 1325 
4558 602 2676 603 
4559 1259 2848 1343 
4560 1229 2683 1320 
4561 1217 2751 1219 
4562 1701 2722 1702 
4563 1252 2674 589 
4564 589 2674 582 
4565 605 2676 602 
4566 1999 2655 1386 
4567 1320 2683 1942 
4568 1303 2718 1249 
4569 1873 2633 2632 
4570 1052 2691 895 
4571 1842 2666 2665 
4572 2724 2725 1944 
4573 498 2675 523 
4574 603 2676 1253 
4575 1224 2697 1138 
4576 1148 2696 927 
4577 1632 2717 992 
4578 2692 2693 1841 
4579 2586 2615 1378 
4580 1587 2704 2563 
4581 2067 2732 2069 
4582 1188 2631 1385 
4583 827 2730 830 
4584 1740 2765 1572 
4585 1850 2701 1888 
4586 2631 2798 1385 
4587 1919 2708 1616 
4588 2273 2668 1467 
4589 992 2717 994 
4590 1342 2703 1722 
4591 1942 2724 1359 
4592 1393 2692 1841 
4593 1293 2751 1217 
4594 344 2653 347 
4595 1286 2837 1905 
4596 536 2774 534 
4597 885 2714 889 
4598 1886 2680 1867 
4599 418 2715 1338 
4600 1359 2724 1944 
4601 1469 2668 2230 
4602 1808 2870 1810 
4603 772 2698 652 
4604 674 2694 679 
4605 618 2657 2619 
4606 1869 2690 1886 
4607 855 2755 991 
4608 1982 2690 1871 
4609 671 2782 1071 
4610 1347 2712 1747 
4611 1547 2641 2617 
4612 1249 2718 1287 
4613 534 2774 540 
4614 1474 2750 1312 
4615 1989 2722 1701 
4616 1900 2800 2659 
4617 1886 2681 2680 
4618 2744 2752 1778 
4619 666 2777 664 
4620 423 2689 452 
4621 350 2685 375 
4622 1050 2809 1259 
4623 521 2731 529 
4624 1219 2751 2663 
4625 839 2734 767 
4626 1312 2750 1311 
4627 558 2785 390 
4628 1057 2733 661 
4629 1309 2706 1196 
4630 844 2720 721 
4631 2669 2805 1660 
4632 625 2733 627 
4633 1171 2735 1095 
4634 1196 2706 1197 
4635 523 2773 500 
4636 680 2739 1061 
4637 1779 2766 2540 
4638 529 2731 533 
4639 1064 2714 883 
4640 837 2730 827 
4641 2359 2787 1635 
4642 1060 2731 521 
4643 688 2777 666 
4644 1629 2736 1262 
4645 654 2738 656 
4646 2638 2676 605 
4647 595 2674 2656 
4648 1119 2740 1181 
4649 775 2791 684 
4650 2497 2789 1553 
4651 656 2738 660 
4652 1262 2736 1267 
4653 1073 2694 676 
4654 577 1963 1962 
4655 660 2739 658 
4656 2540 2766 2689 
4657 2084 2746 2082 
4658 537 1958 1957 
4659 2659 2800 1716 
4660 1844 2788 2688 
4661 862 2888 860 
4662 661 2733 625 
4663 376 2741 545 
4664 658 2739 680 
4665 2198 2883 2622 
4666 2747 2808 1903 
4667 620 2737 609 
4668 609 2737 1252 
4669 767 2734 956 
4670 1658 2706 1309 
4671 1570 2765 2626 
4672 1865 2680 2651 
4673 636 2737 620 
4674 372 2741 376 
4675 724 2720 2649 
4676 1742 2805 2669 
4677 1062 2741 372 
4678 2071 2754 2073 
4679 1958 1960 1959 
4680 1253 2738 654 
4681 830 2730 2650 
4682 2637 2815 1633 
4683 2276 2727 1826 
4684 1828 2727 2233 
4685 2132 2133 1981 
4686 1963 2060 1964 
4687 1000 2757 1002 
4688 2496 2793 1704 
4689 1041 2786 2684 
4690 384 2637 1633 
4691 994 2717 997 
4692 652 2698 1051 
4693 502 2773 1063 
4694 1206 2854 2574 
4695 898 2810 867 
4696 664 2777 2756 
4697 2626 2765 2630 
4698 816 2874 814 
4699 2100 2758 2098 
4700 441 2748 443 
4701 694 2826 695 
4702 347 2653 1260 
4703 773 2806 697 
4704 2582 2797 1390 
4705 941 2698 772 
4706 2688 2788 1043 
4707 2267 3308 2268 
4708 540 2774 2762 
4709 2082 2746 2462 
4710 1618 2797 2582 
4711 1148 2817 2696 
4712 1912 2941 1911 
4713 2575 2784 786 
4714 2557 2757 1000 
4715 453 2748 441 
4716 1785 2832 1784 
4717 2684 2786 1595 
4718 443 2748 2652 
4719 954 2796 1139 
4720 2386 2882 2389 
4721 2069 2732 2224 
4722 1632 2833 2717 
4723 1311 2750 1638 
4724 1689 2779 1634 
4725 2230 2795 1476 
4726 991 2755 1648 
4727 1667 2783 2523 
4728 2609 2820 1894 
4729 1980 1981 497 
4730 1122 2770 1159 
4731 437 2792 439 
4732 1843 2803 1611 
4733 1891 2837 2796 
4734 1607 2807 2270 
4735 997 2717 1175 
4736 1366 2863 1908 
4737 2696 2817 2562 
4738 1476 2795 1478 
4739 2224 2754 2071 
4740 439 2792 453 
4741 2604 2790 909 
4742 1613 2781 1241 
4743 1478 2795 2223 
4744 850 2801 2601 
4745 786 2784 2543 
4746 550 2828 340 
4747 2089 2746 2084 
4748 864 2843 865 
4749 1124 2770 1122 
4750 701 2816 726 
4751 1113 2767 1111 
4752 2578 2790 2542 
4753 2658 2804 1169 
4754 697 2806 699 
4755 2601 2801 1898 
4756 1707 2813 2600 
4757 2098 2758 2101 
4758 2662 2796 901 
4759 1637 2770 1160 
4760 2073 2754 2078 
4761 1074 2792 437 
4762 622 2812 630 
4763 630 2812 2558 
4764 1002 2757 1167 
4765 2709 2797 1618 
4766 1525 2784 2575 
4767 1909 2849 1233 
4768 1408 2764 1304 
4769 871 2827 894 
4770 1306 2764 1665 
4771 867 2810 869 
4772 1043 2788 1315 
4773 1595 2786 2608 
4774 1197 2786 1041 
4775 1304 2764 1306 
4776 2702 2809 1048 
4777 2479 2895 2759 
4778 2647 2819 2715 
4779 1906 2936 2928 
4780 1639 2804 1619 
4781 1619 2804 2658 
4782 2686 2843 864 
4783 1644 2790 2604 
4784 1287 2885 2838 
4785 2600 2813 2009 
4786 1677 2897 1675 
4787 2062 2764 1408 
4788 1282 2811 2713 
4789 2771 2826 694 
4790 1845 2809 2702 
4791 1636 2698 941 
4792 1972 2780 2019 
4793 901 2796 954 
4794 825 2836 837 
4795 479 2820 481 
4796 2576 2801 850 
4797 1716 2800 2215 
4798 1897 2802 1896 
4799 2606 2825 839 
4800 375 2834 352 
4801 909 2790 2578 
4802 2715 2819 1338 
4803 2723 2794 1702 
4804 1891 2796 2662 
4805 2039 2798 1630 
4806 2148 2805 1742 
4807 1111 2767 1163 
4808 699 2816 701 
4809 2209 2818 1804 
4810 1160 2770 1124 
4811 2024 2800 1900 
4812 1390 2797 2700 
4813 2096 2839 2088 
4814 1287 2838 1176 
4815 2717 2833 1175 
4816 481 2820 2609 
4817 1177 2767 1113 
4818 1169 2804 1363 
4819 2801 2857 1898 
4820 810 2822 922 
4821 1660 2805 2017 
4822 624 2812 622 
4823 2828 2849 1895 
4824 1117 2776 1115 
4825 2653 2828 1895 
4826 740 2846 766 
4827 354 2834 1070 
4828 2713 2811 1756 
4829 2551 2811 2550 
4830 1180 2776 1117 
4831 2078 2829 2075 
4832 2550 2811 1282 
4833 1048 2809 1050 
4834 342 2828 2653 
4835 1089 2808 1091 
4836 869 2827 871 
4837 1530 2801 2576 
4838 1832 2840 2225 
4839 2607 2799 2499 
4840 506 2847 519 
4841 2233 2840 1830 
4842 663 2831 1044 
4843 1115 2776 1177 
4844 1143 2808 1089 
4845 1530 2857 2801 
4846 832 2853 821 
4847 1063 2847 504 
4848 2806 2816 699 
4849 1877 2894 2871 
4850 1790 2799 2607 
4851 2848 2871 1343 
4852 1251 2815 2527 
4853 1091 2808 2747 
4854 2581 2813 1707 
4855 340 2828 342 
4856 352 2834 354 
4857 2075 2829 2077 
4858 2547 2842 2751 
4859 2522 2799 1790 
4860 2810 2827 869 
4861 2159 2821 2100 
4862 823 2836 825 
4863 1316 2856 1173 
4864 2275 2833 1632 
4865 491 2820 479 
4866 1647 2909 1645 
4867 447 2858 433 
4868 1338 2819 1892 
4869 2790 2863 2542 
4870 695 2826 773 
4871 2100 2821 2758 
4872 1551 2861 2210 
4873 1917 2881 1916 
4874 1639 2845 2804 
4875 2223 2861 1549 
4876 2889 2941 2569 
4877 1644 2863 2790 
4878 1812 2914 1814 
4879 2751 2842 2663 
4880 2562 2817 1720 
4881 1532 2841 1821 
4882 2508 2825 2606 
4883 435 2858 1074 
4884 763 2865 744 
4885 1916 2832 1785 
4886 2544 2830 1844 
4887 2038 2845 1639 
4888 2788 2830 1420 
4889 2698 2859 1051 
4890 2198 2913 2883 
4891 2804 2845 1363 
4892 1877 2871 1848 
4893 1631 2854 2819 
4894 2489 2926 1914 
4895 1139 2837 1286 
4896 1915 2916 1921 
4897 2809 2848 1259 
4898 1631 2819 2647 
4899 1175 2833 1332 
4900 1388 2877 1221 
4901 726 2875 703 
4902 1830 2840 1832 
4903 742 2846 740 
4904 894 2878 873 
4905 1909 2900 2869 
4906 1844 2830 2788 
4907 2817 2838 1984 
4908 504 2847 506 
4909 2819 2854 1892 
4910 839 2825 2734 
4911 820 2918 818 
4912 2677 2823 2561 
4913 2611 2927 2333 
4914 241 3300 3277 
4915 1265 2869 1325 
4916 865 2843 898 
4917 1671 2855 2288 
4918 1176 2838 1148 
4919 1652 2884 1637 
4920 1913 3062 2201 
4921 2101 2839 2096 
4922 1167 2867 1004 
4923 358 2880 374 
4924 1636 2859 2698 
4925 1774 2907 2519 
4926 1650 2823 2677 
4927 2877 2899 1908 
4928 2063 2835 2701 
4929 2155 2900 1910 
4930 2479 2922 2895 
4931 707 2887 723 
4932 3277 3300 2664 
4933 1652 2924 2884 
4934 942 2886 1168 
4935 1845 2848 2809 
4936 821 2853 823 
4937 2448 2937 1659 
4938 1363 2845 1987 
4939 2392 2940 2393 
4940 1070 2880 356 
4941 1846 2848 1845 
4942 1665 2879 2065 
4943 2574 2854 1631 
4944 2838 2885 1984 
4945 2373 2902 2851 
4946 877 2892 888 
4947 823 2853 2836 
4948 1922 2975 2281 
4949 433 2858 435 
4950 2701 2835 1888 
4951 1233 2849 550 
4952 519 2890 508 
4953 1264 2938 2490 
4954 1531 2857 1530 
4955 2401 2934 2404 
4956 2682 2851 1246 
4957 667 2862 935 
4958 1775 2907 1774 
4959 1681 2932 1679 
4960 1246 2851 2695 
4961 2663 2842 2047 
4962 2437 2866 2261 
4963 1549 2861 1551 
4964 2225 2893 1834 
4965 1625 2864 2228 
4966 431 2898 447 
4967 1898 2857 1899 
4968 510 2890 1068 
4969 915 3063 2205 
4970 2250 2905 2247 
4971 2441 2943 2440 
4972 2661 3279 275 
4973 1066 2898 429 
4974 1173 2856 1891 
4975 1397 2920 1401 
4976 2695 2851 1629 
4977 2256 2859 1636 
4978 1051 2859 2611 
4979 2837 2856 1905 
4980 1339 2844 2657 
4981 2210 2904 1640 
4982 819 2906 832 
4983 744 2865 742 
4984 2619 2844 2498 
4985 2599 2850 1714 
4986 1642 2904 2202 
4987 2657 2844 2619 
4988 742 2865 2846 
4989 2278 2876 2461 
4990 1747 2852 2683 
4991 1907 2952 2936 
4992 1984 2885 2028 
4993 2297 2935 1429 
4994 1148 2838 2817 
4995 2194 2870 1808 
4996 2683 2852 1942 
4997 2016 2850 2599 
4998 1531 2873 2857 
4999 2542 2863 1366 
5000 2603 3386 243 
5001 1662 2912 2590 
5002 746 2915 763 
5003 1816 2939 1818 
5004 2871 2894 1343 
5005 1008 2903 1164 
5006 2863 2877 1908 
5007 1004 2867 1006 
5008 2614 3315 244 
5009 1833 2951 2192 
5010 1846 2871 2848 
5011 2044 2920 1396 
5012 2857 2873 1899 
5013 2217 2951 1835 
5014 814 2874 971 
5015 829 2921 815 
5016 1985 2873 1531 
5017 2962 2974 1651 
5018 703 2875 705 
5019 1848 2871 1846 
5020 723 2925 709 
5021 374 2919 360 
5022 1325 2923 1324 
5023 1417 2923 2152 
5024 873 2878 875 
5025 362 2919 1072 
5026 2387 2882 2386 
5027 1899 2873 1945 
5028 1221 2877 1644 
5029 2705 2923 1325 
5030 735 2960 1042 
5031 965 2968 494 
5032 356 2880 358 
5033 1895 2869 1265 
5034 1429 2935 1430 
5035 1889 2894 1877 
5036 762 2929 750 
5037 860 2888 980 
5038 888 2930 879 
5039 2622 2883 1197 
5040 1460 2987 2257 
5041 452 2931 425 
5042 881 2930 1064 
5043 2222 2881 1917 
5044 2770 2884 1159 
5045 1740 2868 2765 
5046 2759 2895 1252 
5047 1909 2869 2849 
5048 1891 2856 2837 
5049 1252 2895 2674 
5050 2851 2902 1629 
5051 713 2933 727 
5052 1637 2884 2770 
5053 1159 2884 2721 
5054 944 2886 942 
5055 705 2887 707 
5056 427 2931 1066 
5057 2952 2984 2728 
5058 1685 2955 1683 
5059 2875 2887 705 
5060 1206 2891 2854 
5061 1648 2926 2489 
5062 1831 2961 1829 
5063 1267 2889 2571 
5064 508 2890 510 
5065 875 2892 877 
5066 2719 2885 1287 
5067 2709 2872 2797 
5068 1675 2897 2259 
5069 2884 2924 2721 
5070 2878 2892 875 
5071 2765 2868 2630 
5072 2041 3382 1223 
5073 2407 2977 2408 
5074 1834 2893 2186 
5075 1653 2962 1546 
5076 731 2960 732 
5077 2628 2912 2639 
5078 490 2968 489 
5079 1197 2883 2786 
5080 2797 2872 2700 
5081 2736 2941 1267 
5082 2419 2901 2420 
5083 429 2898 431 
5084 1892 2891 2744 
5085 1604 2948 1606 
5086 1825 2979 2169 
5087 2185 2979 1827 
5088 2867 2903 1006 
5089 2447 3182 491 
5090 1908 2899 1998 
5091 780 2946 937 
5092 1343 2894 2703 
5093 2786 2883 2608 
5094 1042 2981 737 
5095 1644 2877 2863 
5096 739 2981 934 
5097 2764 2879 1665 
5098 1990 2899 1388 
5099 366 2944 526 
5100 1640 2904 1642 
5101 813 2949 829 
5102 2062 2879 2764 
5103 1006 2903 1008 
5104 2674 2895 2656 
5105 1910 2900 1909 
5106 1072 2944 364 
5107 2427 2908 2428 
5108 2849 2869 1895 
5109 1317 2945 1688 
5110 1911 2941 2736 
5111 2396 2982 2397 
5112 1692 2945 1318 
5113 2638 2928 2676 
5114 817 2906 819 
5115 1645 2909 2220 
5116 280 3045 2850 
5117 2854 2891 1892 
5118 1458 2987 1460 
5119 1975 3032 2050 
5120 2247 2905 2253 
5121 1923 2972 1345 
5122 2188 2914 1812 
5123 2755 2926 1648 
5124 403 2954 525 
5125 1629 2902 2736 
5126 2204 2907 1775 
5127 727 2956 715 
5128 752 2957 762 
5129 2121 2924 1652 
5130 1688 2911 1689 
5131 1075 2954 401 
5132 2883 2913 2608 
5133 833 2959 809 
5134 2269 2928 2638 
5135 748 2915 746 
5136 818 2918 921 
5137 1914 2916 1915 
5138 1737 2964 1991 
5139 2349 2987 1471 
5140 1492 2984 1925 
5141 2639 2912 1662 
5142 407 2963 2565 
5143 405 2963 407 
5144 2922 2958 2612 
5145 1696 3014 2166 
5146 624 2922 2612 
5147 1396 2920 1397 
5148 2608 2913 1600 
5149 719 2969 844 
5150 838 2967 756 
5151 1905 3002 1948 
5152 2333 2927 1174 
5153 360 2919 362 
5154 299 300 271 
5155 817 2921 2906 
5156 743 2998 1067 
5157 934 2998 741 
5158 815 2921 817 
5159 2895 2922 2656 
5160 1929 2985 1687 
5161 1250 2980 1303 
5162 411 2971 397 
5163 2025 3149 527 
5164 709 2925 711 
5165 1686 2973 2164 
5166 2161 2973 1684 
5167 399 2971 1075 
5168 1165 2970 946 
5169 2479 2958 2922 
5170 1823 2993 1822 
5171 2177 2978 2176 
5172 370 2976 1062 
5173 1324 2923 1417 
5174 937 2926 2755 
5175 526 2976 368 
5176 1399 2991 1400 
5177 748 2929 2915 
5178 2551 2910 2811 
5179 750 2929 748 
5180 917 2983 890 
5181 2811 2910 1756 
5182 2036 2988 1924 
5183 660 2952 2728 
5184 2656 2922 624 
5185 892 2983 1052 
5186 989 3131 3062 
5187 1997 3288 3126 
5188 1679 2932 2226 
5189 879 2930 881 
5190 2676 2928 1253 
5191 425 2931 427 
5192 2120 3060 2195 
5193 2402 2934 2401 
5194 2293 3014 2292 
5195 2721 2924 1624 
5196 1923 2988 2980 
5197 711 2933 713 
5198 2925 2933 711 
5199 395 2986 411 
5200 2243 2997 2241 
5201 2038 2917 2845 
5202 1069 2986 393 
5203 1907 2984 2952 
5204 2928 2936 1253 
5205 807 2990 833 
5206 2411 3008 2412 
5207 2158 2989 1680 
5208 1682 2989 2161 
5209 1067 3015 745 
5210 747 3015 930 
5211 1788 3130 2211 
5212 937 2946 2916 
5213 1430 2935 2171 
5214 1724 3183 2308 
5215 700 3016 973 
5216 2845 2917 1987 
5217 931 3016 702 
5218 2176 2978 2178 
5219 1659 2937 2432 
5220 1932 2938 1264 
5221 2440 2943 2424 
5222 1927 3005 1431 
5223 836 2999 803 
5224 2180 2939 1816 
5225 758 2996 838 
5226 944 2970 2886 
5227 2991 3001 1925 
5228 2391 2940 2392 
5229 1883 3012 1885 
5230 1253 2936 2738 
5231 978 3022 706 
5232 704 3022 931 
5233 553 3186 2455 
5234 1738 2965 2964 
5235 2310 3177 965 
5236 956 3003 764 
5237 524 3004 389 
5238 1127 3023 2506 
5239 2448 3007 2937 
5240 3140 3148 1718 
5241 391 3004 1069 
5242 2151 3006 1676 
5243 1678 3006 2158 
5244 1893 3057 1928 
5245 1472 3020 1473 
5246 2144 3235 581 
5247 2939 3039 1818 
5248 364 2944 366 
5249 2916 2946 1921 
5250 1053 2946 780 
5251 2047 3217 2045 
5252 930 3029 749 
5253 751 3029 2433 
5254 2566 3132 3063 
5255 708 3030 978 
5256 926 3030 710 
5257 811 2949 813 
5258 17 2950 538 
5259 1245 3069 2483 
5260 1318 2945 1317 
5261 1606 2948 2055 
5262 1835 2951 1833 
5263 1354 3034 2201 
5264 2886 2970 2238 
5265 1334 3034 1240 
5266 2983 3070 1052 
5267 1791 3169 2455 
5268 2547 3000 2842 
5269 801 3019 836 
5270 2166 3037 1694 
5271 401 2954 403 
5272 1683 2955 2221 
5273 1813 3018 2146 
5274 2149 3018 1815 
5275 2483 3076 731 
5276 567 3088 2322 
5277 2565 2963 2217 
5278 3204 3224 2378 
5279 712 3041 926 
5280 754 2957 752 
5281 2958 2972 1920 
5282 2738 2952 660 
5283 715 2956 717 
5284 1786 3021 1672 
5285 1055 3041 714 
5286 1674 3021 2151 
5287 1346 2958 2479 
5288 811 2959 2949 
5289 1273 3027 1349 
5290 2416 3054 2417 
5291 2936 2952 2738 
5292 1064 3007 2714 
5293 2612 2958 1920 
5294 732 2960 735 
5295 809 2959 811 
5296 2192 2961 1831 
5297 1062 3013 2741 
5298 2700 3017 2699 
5299 1546 2962 2448 
5300 2167 3196 588 
5301 1985 2942 2873 
5302 1267 2941 2889 
5303 1809 3025 2145 
5304 2146 3025 1811 
5305 1738 3017 2965 
5306 1346 2972 2958 
5307 2546 3026 2548 
5308 2873 2942 1945 
5309 2885 2947 2028 
5310 1077 3028 385 
5311 1918 3054 2205 
5312 1951 3026 1728 
5313 1700 3049 1377 
5314 494 2968 490 
5315 387 3028 524 
5316 797 3031 800 
5317 2239 3043 2242 
5318 525 2963 405 
5319 1358 3042 1357 
5320 3267 3269 2007 
5321 754 2967 2957 
5322 2956 2969 717 
5323 1738 2964 1737 
5324 2242 3053 2244 
5325 756 2967 754 
5326 1601 3033 2058 
5327 276 3100 3010 
5328 946 2970 944 
5329 1600 3033 1598 
5330 716 3056 1055 
5331 717 2969 719 
5332 1927 3027 3005 
5333 948 3056 718 
5334 3069 3076 2483 
5335 1805 3035 2143 
5336 1345 2972 1346 
5337 2145 3035 1807 
5338 1653 2974 2962 
5339 961 3058 755 
5340 915 3038 793 
5341 397 2971 399 
5342 2510 3061 2509 
5343 2049 3396 2332 
5344 1684 2973 1686 
5345 1670 3036 1786 
5346 2719 2947 2885 
5347 1889 2953 2894 
5348 2969 3073 844 
5349 2285 3168 1012 
5350 335 3051 2163 
5351 759 3065 779 
5352 1923 2980 2972 
5353 368 2976 370 
5354 1827 2979 1825 
5355 1840 3048 1666 
5356 331 3051 332 
5357 2406 2977 2407 
5358 1933 3173 1932 
5359 1801 3047 2142 
5360 1920 2980 1250 
5361 2143 3047 1803 
5362 1624 3055 1623 
5363 737 2981 739 
5364 1021 3050 1023 
5365 588 3199 2167 
5366 720 3067 948 
5367 2894 2953 2703 
5368 981 3067 722 
5369 2444 3073 2443 
5370 2395 2982 2396 
5371 2689 3039 452 
5372 890 2983 892 
5373 791 3063 915 
5374 2573 3066 1245 
5375 3102 3258 293 
5376 1687 2985 2212 
5377 1919 3256 2710 
5378 393 2986 395 
5379 1638 3060 2120 
5380 1797 3064 2141 
5381 1471 2987 1458 
5382 2984 2991 1925 
5383 2142 3064 1799 
5384 2716 3052 1053 
5385 1697 3070 2191 
5386 784 3074 729 
5387 725 3074 981 
5388 1924 2988 1923 
5389 2728 2984 1492 
5390 2937 3007 1064 
5391 1316 3002 2856 
5392 1680 2989 1682 
5393 989 3062 2742 
5394 1520 3083 2444 
5395 805 2990 807 
5396 2444 3083 3073 
5397 1612 3062 1913 
5398 1400 2991 1907 
5399 679 3068 672 
5400 2036 2992 2988 
5401 1933 3184 3173 
5402 1793 3071 2140 
5403 2500 3075 1472 
5404 2169 2993 1823 
5405 2119 3060 2750 
5406 1929 3013 2985 
5407 2141 3071 1795 
5408 1932 3160 2938 
5409 1697 3077 3070 
5410 668 3072 688 
5411 3027 3061 1349 
5412 2135 3059 2694 
5413 2510 3075 3061 
5414 3205 3229 2251 
5415 741 2998 743 
5416 3224 3234 2378 
5417 2365 3088 468 
5418 760 2996 758 
5419 805 2999 2990 
5420 2012 2994 2063 
5421 1303 2992 2718 
5422 1401 3001 1399 
5423 2157 3086 2705 
5424 803 2999 805 
5425 2241 2997 2254 
5426 466 3088 567 
5427 2292 3014 1696 
5428 1520 3087 3083 
5429 2548 3000 2547 
5430 1699 3077 1697 
5431 973 3136 2289 
5432 2566 3063 790 
5433 1431 3005 2144 
5434 1925 3001 2532 
5435 2191 3070 2983 
5436 1932 3173 3160 
5437 1401 3009 3001 
5438 760 3003 2996 
5439 2655 3079 1448 
5440 1792 3082 1421 
5441 389 3004 391 
5442 2734 3044 956 
5443 764 3003 760 
5444 1083 3084 1085 
5445 2281 3078 1334 
5446 1699 3081 3077 
5447 1676 3006 1678 
5448 452 3039 2939 
5449 2938 3148 2490 
5450 1709 3087 1520 
5451 779 3091 761 
5452 2487 3155 988 
5453 2985 3013 1062 
5454 3001 3009 2532 
5455 2679 3306 281 
5456 3092 3153 2249 
5457 2122 3246 1156 
5458 1709 3089 3087 
5459 2673 3081 1699 
5460 2714 3007 1651 
5461 768 3093 841 
5462 3066 3069 1245 
5463 2410 3008 2411 
5464 1902 3012 1883 
5465 2532 3009 2533 
5466 1339 3057 2844 
5467 2443 3073 2969 
5468 682 3158 2487 
5469 2741 3013 1614 
5470 2856 3002 1905 
5471 2289 3134 1788 
5472 745 3015 747 
5473 2972 2980 1920 
5474 2506 3167 682 
5475 702 3016 700 
5476 300 3107 271 
5477 2699 3017 1738 
5478 3012 3044 1885 
5479 958 3092 1165 
5480 2487 3158 3155 
5481 1815 3018 1813 
5482 1098 3097 1100 
5483 1722 3094 2040 
5484 1473 3020 1690 
5485 2289 3136 3134 
5486 800 3019 801 
5487 1053 3052 2975 
5488 706 3022 704 
5489 1672 3021 1674 
5490 3063 3132 2205 
5491 2529 3023 1127 
5492 3062 3131 2201 
5493 3005 3027 1727 
5494 682 3167 3158 
5495 1037 3142 2374 
5496 1929 3066 3013 
5497 1228 3142 1039 
5498 963 3147 2377 
5499 3206 3226 2439 
5500 3020 3040 1690 
5501 3184 3197 2362 
5502 1811 3025 1809 
5503 1753 3055 2471 
5504 1907 2991 2984 
5505 1727 3027 1273 
5506 1367 3175 2529 
5507 749 3029 751 
5508 1728 3026 2546 
5509 2988 2992 1303 
5510 1005 3143 1003 
5511 2491 3148 845 
5512 1718 3148 2938 
5513 710 3030 708 
5514 385 3028 387 
5515 3107 3166 246 
5516 3044 3085 1885 
5517 2378 3234 314 
5518 795 3031 797 
5519 3052 3078 2281 
5520 1165 3043 2970 
5521 1240 3034 1354 
5522 2163 3051 2229 
5523 988 3152 2477 
5524 1598 3033 1601 
5525 1367 3180 3175 
5526 1807 3035 1805 
5527 3257 3268 2130 
5528 2514 3180 1367 
5529 795 3038 3031 
5530 1694 3037 1695 
5531 2787 3162 1706 
5532 2037 3171 2992 
5533 1668 3036 1670 
5534 793 3038 795 
5535 3013 3066 1614 
5536 1690 3040 1935 
5537 714 3041 712 
5538 3037 3046 1695 
5539 1357 3185 2514 
5540 2766 3039 2689 
5541 1885 3085 1887 
5542 1375 3049 3042 
5543 1375 3042 1358 
5544 2529 3175 3172 
5545 2912 3151 2590 
5546 2995 3156 272 
5547 2417 3054 1918 
5548 2238 3043 2239 
5549 2815 3144 1633 
5550 2709 3165 2872 
5551 2514 3185 3180 
5552 1668 3048 3036 
5553 1307 3163 1108 
5554 1695 3046 1713 
5555 1110 3163 1289 
5556 3085 3090 1887 
5557 3079 3080 1733 
5558 579 3215 2318 
5559 1803 3047 1801 
5560 1377 3049 1375 
5561 1666 3048 1668 
5562 2844 3057 1893 
5563 1109 3153 1107 
5564 2975 3052 2281 
5565 2244 3053 2249 
5566 1901 3044 2734 
5567 956 3044 3012 
5568 1023 3050 1149 
5569 2953 3094 2703 
5570 1060 3146 2731 
5571 332 3051 335 
5572 3072 3208 688 
5573 2603 3154 1880 
5574 1878 3154 1982 
5575 2476 3174 2475 
5576 328 3157 331 
5577 1661 3052 2716 
5578 1623 3055 1753 
5579 1927 3061 3027 
5580 718 3056 716 
5581 976 3183 2202 
5582 2509 3061 1927 
5583 1926 3169 1711 
5584 755 3058 757 
5585 1692 3177 2945 
5586 3174 3261 1416 
5587 553 3161 323 
5588 3009 3010 2533 
5589 3058 3065 757 
5590 2554 3417 2556 
5591 1901 3085 3044 
5592 1718 3160 1355 
5593 1650 3156 2823 
5594 2533 3164 1739 
5595 225 3151 2912 
5596 2694 3059 679 
5597 790 3063 791 
5598 2750 3060 1638 
5599 1012 3168 1013 
5600 1799 3064 1797 
5601 2742 3062 1612 
5602 757 3065 759 
5603 2139 3149 2025 
5604 244 3345 2614 
5605 1614 3066 2573 
5606 722 3067 720 
5607 2970 3043 2238 
5608 2923 3086 2152 
5609 2920 3145 1401 
5610 1715 3172 1350 
5611 1661 3078 3052 
5612 672 3068 670 
5613 988 3155 3152 
5614 298 299 271 
5615 3039 3130 1818 
5616 2723 3262 3249 
5617 1693 3069 1929 
5618 324 3184 2362 
5619 3068 3072 670 
5620 1795 3071 1793 
5621 670 3072 668 
5622 1028 3189 1155 
5623 1052 3070 2753 
5624 1190 3189 1030 
5625 3061 3075 1349 
5626 3144 3152 1713 
5627 1770 3162 536 
5628 3070 3077 2753 
5629 729 3074 725 
5630 2945 3177 2310 
5631 2938 3160 1718 
5632 844 3073 2793 
5633 1664 3233 2320 
5634 1726 3208 1771 
5635 1759 3187 1407 
5636 1693 3076 3069 
5637 1100 3097 3040 
5638 2022 3374 3299 
5639 1955 3311 1994 
5640 1406 3187 2114 
5641 2529 3172 3023 
5642 1935 3141 1936 
5643 1649 3183 1724 
5644 2205 3132 1937 
5645 3073 3083 2793 
5646 925 3193 2476 
5647 2164 3076 1693 
5648 2454 3196 2451 
5649 1734 3188 2059 
5650 321 3186 553 
5651 3130 3134 1818 
5652 1349 3075 2500 
5653 2567 3174 1416 
5654 1726 3212 3208 
5655 899 3193 896 
5656 2168 3196 2167 
5657 3132 3133 1937 
5658 588 3191 317 
5659 3077 3081 1617 
5660 1913 3078 1661 
5661 2753 3077 1617 
5662 2201 3131 1705 
5663 1165 3092 3053 
5664 2046 3145 2920 
5665 1929 3069 3066 
5666 1657 3192 2193 
5667 1448 3079 1733 
5668 3097 3141 1935 
5669 3141 3150 1936 
5670 1617 3081 1919 
5671 1421 3082 2108 
5672 1937 3133 1938 
5673 2596 3194 1732 
5674 3133 3135 1938 
5675 2823 3156 2995 
5676 1144 3084 1083 
5677 3225 3228 2208 
5678 308 3202 309 
5679 3083 3087 1704 
5680 1646 3200 1647 
5681 315 3199 588 
5682 3202 3226 1931 
5683 2502 3212 1726 
5684 2356 3244 1647 
5685 2793 3083 1704 
5686 1938 3135 2537 
5687 2648 3194 2645 
5688 491 3182 2820 
5689 1736 3085 1901 
5690 1190 3352 3189 
5691 3131 3140 1705 
5692 1704 3087 1703 
5693 2502 3214 3212 
5694 1978 3415 2010 
5695 1633 3144 3046 
5696 3279 3342 231 
5697 468 3088 466 
5698 3087 3089 1703 
5699 1730 3206 1369 
5700 2501 3207 1395 
5701 1736 3090 3085 
5702 3080 3188 1733 
5703 2569 3224 2889 
5704 2308 3222 936 
5705 1703 3089 1989 
5706 2992 3171 2718 
5707 1705 3140 1718 
5708 1344 3220 2303 
5709 2059 3090 1736 
5710 2629 3236 121 
5711 3214 3216 1729 
5712 2571 3204 1934 
5713 761 3091 765 
5714 1991 3335 3213 
5715 1936 3150 2126 
5716 3091 3093 765 
5717 3230 3273 1947 
5718 1928 3211 1270 
5719 1107 3092 958 
5720 2400 3215 436 
5721 434 3215 579 
5722 765 3093 768 
5723 3023 3172 1715 
5724 2705 3086 2923 
5725 2206 3225 2208 
5726 2661 3210 2660 
5727 1155 3355 2200 
5728 2703 3094 1722 
5729 1946 3096 2148 
5730 1341 3214 1729 
5731 228 3099 136 
5732 95 3098 229 
5733 240 3100 73 
5734 158 3101 222 
5735 60 3104 241 
5736 243 3103 206 
5737 230 298 185 
5738 226 3102 192 
5739 74 3106 240 
5740 137 3105 228 
5741 46 3127 239 
5742 241 3122 59 
5743 221 3125 143 
5744 109 3123 224 
5745 242 3340 2032 
5746 72 3100 276 
5747 135 3099 278 
5748 273 3098 96 
5749 184 298 271 
5750 287 3101 159 
5751 294 3104 61 
5752 205 3103 288 
5753 291 3106 75 
5754 191 3102 293 
5755 292 3105 138 
5756 3102 3329 3258 
5757 174 3108 285 
5758 271 3107 183 
5759 83 3111 283 
5760 272 3113 50 
5761 274 3110 113 
5762 195 3109 284 
5763 118 3112 275 
5764 97 3114 273 
5765 76 3117 291 
5766 293 3119 190 
5767 62 3120 294 
5768 209 3116 289 
5769 139 3118 292 
5770 288 3115 204 
5771 141 3126 255 
5772 263 3111 84 
5773 182 3107 246 
5774 49 3113 266 
5775 252 3108 175 
5776 257 3112 119 
5777 249 3109 196 
5778 112 3110 264 
5779 268 3114 98 
5780 264 3124 111 
5781 189 3119 256 
5782 269 3120 63 
5783 259 3117 77 
5784 255 3118 140 
5785 203 3115 245 
5786 251 3116 210 
5787 197 3128 249 
5788 106 3129 265 
5789 85 3121 263 
5790 1145 3097 1098 
5791 136 3099 135 
5792 73 3100 72 
5793 96 3098 95 
5794 206 3103 205 
5795 159 3101 158 
5796 61 3104 60 
5797 185 298 184 
5798 75 3106 74 
5799 192 3102 191 
5800 138 3105 137 
5801 47 3127 46 
5802 59 3122 58 
5803 143 3125 142 
5804 110 3123 109 
5805 142 3126 141 
5806 84 3111 83 
5807 175 3108 174 
5808 183 3107 182 
5809 50 3113 49 
5810 113 3110 112 
5811 119 3112 118 
5812 196 3109 195 
5813 98 3114 97 
5814 111 3124 110 
5815 77 3117 76 
5816 190 3119 189 
5817 63 3120 62 
5818 204 3115 203 
5819 210 3116 209 
5820 140 3118 139 
5821 198 3128 197 
5822 107 3129 106 
5823 936 3222 824 
5824 822 3222 976 
5825 86 3121 85 
5826 1740 3210 2868 
5827 3040 3097 1935 
5828 3046 3144 1713 
5829 301 3230 304 
5830 1709 3139 3089 
5831 2521 3131 989 
5832 1771 3208 3072 
5833 1767 3133 3132 
5834 224 3137 108 
5835 1767 3132 2566 
5836 32 3138 238 
5837 297 3138 33 
5838 262 3271 2046 
5839 2211 3130 2766 
5840 1748 3221 2642 
5841 1766 3133 1767 
5842 1528 3225 2206 
5843 3239 3247 1689 
5844 1741 3225 1526 
5845 1818 3134 1817 
5846 2337 3248 2340 
5847 1766 3135 3133 
5848 2621 3221 2620 
5849 3134 3136 1817 
5850 1842 3231 2666 
5851 2766 3130 3039 
5852 2635 3135 1766 
5853 1817 3136 2149 
5854 2521 3140 3131 
5855 3164 3372 2712 
5856 3009 3145 3010 
5857 108 3137 107 
5858 2644 3231 2643 
5859 1663 3233 1664 
5860 1729 3216 1986 
5861 33 3138 32 
5862 2020 3139 1709 
5863 1145 3141 3097 
5864 2102 3367 1992 
5865 124 3151 123 
5866 3216 3219 1986 
5867 1156 3246 1018 
5868 845 3140 2521 
5869 1177 3229 2767 
5870 1039 3142 1037 
5871 1014 3346 2434 
5872 2707 3141 1145 
5873 1210 3143 1005 
5874 1015 3246 1014 
5875 2362 3197 963 
5876 2768 3144 2815 
5877 162 3165 247 
5878 2246 3179 2248 
5879 2249 3179 2246 
5880 2707 3150 3141 
5881 1749 3245 1752 
5882 1963 3241 2061 
5883 2130 3268 1222 
5884 2377 3147 2378 
5885 2731 3146 1770 
5886 1689 3247 2779 
5887 2234 3263 1725 
5888 2634 3304 218 
5889 2490 3148 2491 
5890 2768 3152 3144 
5891 2006 3254 2336 
5892 144 3178 221 
5893 2911 3239 1689 
5894 157 3176 156 
5895 1969 3328 2304 
5896 123 3151 225 
5897 1757 3251 2621 
5898 281 3353 2679 
5899 278 3181 134 
5900 133 3181 253 
5901 1433 3268 2291 
5902 1163 3153 1109 
5903 1664 3150 2707 
5904 2625 3251 2624 
5905 2033 3282 3110 
5906 3053 3092 2249 
5907 2477 3152 2768 
5908 3143 3292 1995 
5909 1880 3154 1878 
5910 1713 3155 1712 
5911 1719 3156 1650 
5912 326 3157 328 
5913 242 3195 171 
5914 170 3195 290 
5915 3155 3158 1712 
5916 326 3161 3157 
5917 1222 3268 2305 
5918 323 3161 326 
5919 2645 3159 2644 
5920 1712 3158 2552 
5921 212 3198 211 
5922 1355 3160 1613 
5923 1108 3163 1110 
5924 1933 3197 3184 
5925 3179 3205 2248 
5926 163 3165 162 
5927 266 3203 48 
5928 536 3162 2787 
5929 1759 3261 3174 
5930 1947 3260 1743 
5931 1739 3164 2712 
5932 2994 3379 286 
5933 2032 3201 2116 
5934 302 3166 300 
5935 3158 3167 2552 
5936 1711 3169 1791 
5937 2552 3167 1715 
5938 1013 3168 1016 
5939 3152 3155 1713 
5940 1401 3145 3009 
5941 3281 3411 1344 
5942 295 3317 2037 
5943 2718 3171 2719 
5944 2248 3205 2251 
5945 2910 3258 1756 
5946 1350 3172 1698 
5947 2595 3266 2596 
5948 3005 3235 2144 
5949 3160 3173 1613 
5950 67 3217 236 
5951 81 3218 237 
5952 2475 3174 2567 
5953 283 3218 82 
5954 1613 3173 2761 
5955 3125 3126 142 
5956 110 3124 3123 
5957 151 3223 227 
5958 296 3223 152 
5959 3260 3273 230 
5960 1934 3204 3147 
5961 3172 3175 1698 
5962 222 3176 157 
5963 1698 3175 2743 
5964 3173 3184 2761 
5965 1706 3261 1759 
5966 1432 3274 1290 
5967 107 3137 3129 
5968 2118 3177 1692 
5969 3175 3180 2743 
5970 145 3178 144 
5971 3189 3352 2019 
5972 193 3232 226 
5973 3182 3190 1894 
5974 284 3232 194 
5975 134 3181 133 
5976 1084 3281 1344 
5977 2712 3276 1747 
5978 1268 3281 1086 
5979 1983 3272 1719 
5980 311 3240 310 
5981 2617 3275 2618 
5982 2642 3275 2641 
5983 2743 3180 1717 
5984 2820 3182 1894 
5985 581 3235 1993 
5986 2202 3183 1649 
5987 3180 3185 1717 
5988 121 3236 120 
5989 2616 3277 1708 
5990 2966 3383 290 
5991 250 3383 2966 
5992 1407 3187 1406 
5993 319 3186 321 
5994 2761 3184 324 
5995 1717 3185 1769 
5996 1733 3188 1734 
5997 1030 3189 1028 
5998 1887 3265 2013 
5999 1894 3190 1310 
6000 258 3242 125 
6001 319 3191 3186 
6002 232 3243 87 
6003 1016 3168 3024 
6004 317 3191 319 
6005 3190 3192 1310 
6006 2704 3282 2563 
6007 3109 3369 284 
6008 896 3193 925 
6009 1310 3192 1657 
6010 2724 3285 2725 
6011 3142 3407 2374 
6012 2451 3196 2168 
6013 153 3250 296 
6014 248 3250 154 
6015 171 3195 170 
6016 101 3249 100 
6017 1732 3194 2648 
6018 3127 3203 2947 
6019 260 3290 2587 
6020 219 3252 199 
6021 253 3413 2148 
6022 3311 3382 1994 
6023 1228 3328 3142 
6024 211 3198 251 
6025 1934 3197 1933 
6026 3166 3259 3238 
6027 2207 3360 265 
6028 1163 3205 3179 
6029 312 3199 315 
6030 286 3416 2994 
6031 307 3253 306 
6032 2053 3200 1646 
6033 312 3202 3199 
6034 2015 3288 2654 
6035 309 3202 312 
6036 2587 3290 2586 
6037 3153 3179 2249 
6038 2615 3290 2616 
6039 48 3203 47 
6040 1754 3294 1371 
6041 303 3255 302 
6042 2165 3227 2053 
6043 100 3262 99 
6044 3122 3277 2616 
6045 2767 3205 1163 
6046 47 3203 3127 
6047 1369 3206 1721 
6048 261 3264 146 
6049 3255 3259 302 
6050 2589 3296 2014 
6051 3206 3209 1721 
6052 1768 3297 2692 
6053 1931 3226 1730 
6054 1395 3207 2464 
6055 2889 3204 2571 
6056 180 3267 179 
6057 297 3301 3138 
6058 2014 3400 2016 
6059 1721 3209 1947 
6060 181 3269 180 
6061 3208 3212 2803 
6062 688 3208 2803 
6063 2596 3266 3121 
6064 3147 3204 2378 
6065 2661 3342 3279 
6066 281 3270 92 
6067 91 3270 254 
6068 1888 3301 1889 
6069 2660 3210 1740 
6070 276 3271 71 
6071 70 3271 262 
6072 2016 3400 2860 
6073 3138 3301 2835 
6074 304 3230 3209 
6075 2502 3216 3214 
6076 1270 3211 1356 
6077 243 3386 3103 
6078 2133 3309 2299 
6079 1949 3306 2679 
6080 2681 3304 2680 
6081 3211 3213 1356 
6082 314 3240 311 
6083 2035 3325 267 
6084 3212 3214 1611 
6085 2651 3304 2634 
6086 2666 3306 2665 
6087 3263 3397 1725 
6088 2555 3310 2553 
6089 1356 3213 1988 
6090 1940 3310 2625 
6091 2803 3212 1611 
6092 2710 3366 247 
6093 124 3242 3151 
6094 1611 3214 1341 
6095 227 3278 150 
6096 149 3278 279 
6097 2341 3224 2569 
6098 2274 3327 2332 
6099 436 3215 434 
6100 116 3279 231 
6101 275 3279 117 
6102 1968 3220 3032 
6103 1384 3216 2502 
6104 68 3217 67 
6105 2434 3322 2435 
6106 82 3218 81 
6107 278 3385 3181 
6108 1841 3314 2000 
6109 1384 3219 3216 
6110 2303 3220 2304 
6111 1971 3407 3142 
6112 1952 3315 2614 
6113 2655 3384 3079 
6114 2664 3219 1384 
6115 2556 3417 2584 
6116 2354 3244 2353 
6117 2633 3315 2632 
6118 824 3222 822 
6119 2252 3239 2255 
6120 2341 3234 3224 
6121 2353 3244 2356 
6122 152 3223 151 
6123 2620 3221 1748 
6124 2439 3226 308 
6125 239 3344 3171 
6126 64 3283 269 
6127 57 3284 260 
6128 1526 3225 1528 
6129 2673 3256 3081 
6130 310 3253 307 
6131 3151 3242 2590 
6132 2583 3320 2584 
6133 2850 3319 1714 
6134 3121 3243 2596 
6135 1758 3330 1364 
6136 2779 3229 1177 
6137 2725 3326 1944 
6138 252 3297 3108 
6139 2899 3303 1998 
6140 86 3243 3121 
6141 295 3286 43 
6142 42 3286 267 
6143 2794 3228 1741 
6144 2251 3247 2252 
6145 79 3285 78 
6146 299 3230 301 
6147 1163 3179 3153 
6148 2580 3326 2581 
6149 2215 3333 292 
6150 2643 3231 1842 
6151 3159 3293 2644 
6152 1989 3376 2722 
6153 2966 3335 1991 
6154 194 3232 193 
6155 198 3252 3128 
6156 2618 3337 1744 
6157 1941 3338 2587 
6158 1760 3233 1663 
6159 2340 3234 2341 
6160 3142 3328 1971 
6161 2692 3395 2693 
6162 3099 3351 2942 
6163 1967 3299 1972 
6164 1886 3343 2681 
6165 306 3255 303 
6166 120 3236 257 
6167 3217 3358 2045 
6168 3181 3385 2017 
6169 1760 3237 3233 
6170 90 3293 89 
6171 233 3409 2824 
6172 2824 3409 282 
6173 1942 3349 2724 
6174 2587 3305 260 
6175 241 3277 3122 
6176 1945 3351 2024 
6177 2252 3247 3239 
6178 207 3298 243 
6179 289 3298 208 
6180 2286 3237 1760 
6181 2693 3395 177 
6182 2007 3238 2004 
6183 1970 3352 1971 
6184 2028 3359 1983 
6185 188 3302 187 
6186 3045 3319 2850 
6187 2584 3417 1491 
6188 125 3242 124 
6189 55 3305 282 
6190 260 3305 56 
6191 2053 3227 3200 
6192 87 3243 86 
6193 577 3241 1963 
6194 155 3307 248 
6195 1210 3292 3143 
6196 2536 3245 1749 
6197 1018 3246 1015 
6198 3079 3384 219 
6199 1961 3362 2772 
6200 2800 3333 2215 
6201 223 3319 3045 
6202 3156 3272 272 
6203 2592 3417 2554 
6204 299 3273 3230 
6205 2614 3379 2613 
6206 2602 3386 2603 
6207 2679 3406 2678 
6208 3 3394 537 
6209 2336 3248 2337 
6210 2616 3284 3122 
6211 37 3313 36 
6212 2148 3413 2805 
6213 2772 3322 2123 
6214 1727 3235 3005 
6215 234 3249 101 
6216 2917 3369 1987 
6217 2302 3274 2301 
6218 239 3317 45 
6219 1157 3274 2302 
6220 44 3317 295 
6221 154 3250 153 
6222 2050 3411 3281 
6223 261 3354 2555 
6224 2208 3331 277 
6225 199 3252 198 
6226 166 3321 165 
6227 218 3324 213 
6228 2624 3251 1757 
6229 3238 3259 2004 
6230 1985 3385 2942 
6231 3089 3289 1989 
6232 3235 3294 1993 
6233 2102 3347 1432 
6234 283 3381 2813 
6235 2005 3254 2006 
6236 302 3259 3166 
6237 102 3331 234 
6238 277 3331 103 
6239 223 3356 3319 
6240 2965 3371 2964 
6241 38 3336 37 
6242 3110 3282 264 
6243 2012 3379 2994 
6244 216 3339 215 
6245 3122 3284 58 
6246 172 3340 242 
6247 285 3340 173 
6248 3176 3307 156 
6249 202 3341 201 
6250 3126 3288 255 
6251 2299 3309 1307 
6252 145 3264 3178 
6253 286 3345 29 
6254 2 3345 244 
6255 217 3348 164 
6256 5 3398 577 
6257 132 3350 131 
6258 212 3324 3198 
6259 2964 3371 250 
6260 2117 3263 2234 
6261 3165 3348 2872 
6262 229 3353 94 
6263 93 3353 281 
6264 279 3354 148 
6265 147 3354 261 
6266 2005 3259 3255 
6267 1754 3323 3294 
6268 1432 3347 2300 
6269 2291 3257 1943 
6270 262 3358 69 
6271 1756 3258 1755 
6272 104 3360 277 
6273 265 3360 105 
6274 2004 3259 2005 
6275 236 3368 66 
6276 160 3366 287 
6277 247 3366 161 
6278 1743 3260 2011 
6279 238 3416 31 
6280 30 3416 286 
6281 167 3371 166 
6282 1416 3261 2103 
6283 80 3414 79 
6284 53 3409 233 
6285 99 3262 268 
6286 282 3409 54 
6287 201 3378 200 
6288 1307 3291 3163 
6289 1997 3408 1996 
6290 265 3363 2635 
6291 290 3383 169 
6292 168 3383 250 
6293 131 3405 130 
6294 3123 3245 224 
6295 177 3395 176 
6296 2719 3344 2947 
6297 3297 3380 3108 
6298 2725 3414 3326 
6299 3176 3337 2618 
6300 187 3287 186 
6301 1946 3356 3096 
6302 2618 3307 3176 
6303 89 3293 3159 
6304 146 3264 145 
6305 3209 3230 1947 
6306 2008 3266 2595 
6307 2994 3416 238 
6308 186 3287 230 
6309 179 3267 220 
6310 2305 3268 1433 
6311 3000 3368 236 
6312 3114 3289 273 
6313 3166 3238 246 
6314 2681 3343 3198 
6315 3105 3333 2024 
6316 246 3269 181 
6317 1995 3292 2043 
6318 273 3289 3139 
6319 3198 3324 2681 
6320 3234 3240 314 
6321 2947 3344 3127 
6322 92 3270 91 
6323 3100 3364 3010 
6324 3094 3313 2040 
6325 71 3271 70 
6326 3081 3256 1919 
6327 2673 3392 3101 
6328 272 3272 3113 
6329 2039 3308 2798 
6330 131 3350 3096 
6331 1268 3396 2048 
6332 3229 3247 2251 
6333 1290 3274 1157 
6334 3118 3393 2215 
6335 2021 3397 3263 
6336 1727 3294 3235 
6337 1968 3403 1965 
6338 1752 3365 2704 
6339 2641 3275 2617 
6340 3096 3405 131 
6341 1747 3276 2852 
6342 3149 3397 527 
6343 150 3278 149 
6344 3248 3253 310 
6345 298 3273 299 
6346 1708 3277 2664 
6347 1442 3280 2117 
6348 117 3279 116 
6349 1976 3415 1978 
6350 1977 3415 1976 
6351 220 3390 178 
6352 1086 3281 1084 
6353 3090 3265 1887 
6354 3121 3266 263 
6355 2563 3282 2033 
6356 1994 3382 2041 
6357 3195 3377 290 
6358 2340 3240 3234 
6359 2002 3318 2007 
6360 163 3348 3165 
6361 2779 3247 3229 
6362 267 3325 41 
6363 3129 3363 265 
6364 65 3283 64 
6365 3163 3291 2115 
6366 58 3284 57 
6367 3254 3255 306 
6368 2000 3318 2002 
6369 270 3313 3094 
6370 3079 3378 3080 
6371 2187 3342 1939 
6372 78 3285 259 
6373 2132 3357 1979 
6374 43 3286 42 
6375 3266 3312 263 
6376 2008 3312 3266 
6377 2060 3355 1964 
6378 1964 3355 2780 
6379 2910 3412 3119 
6380 2654 3288 1997 
6381 3292 3362 2043 
6382 3139 3289 3089 
6383 538 3332 1977 
6384 230 3273 298 
6385 3010 3364 2533 
6386 1959 3398 1957 
6387 258 3296 3242 
6388 2115 3291 1979 
6389 2664 3300 3219 
6390 3135 3363 2537 
6391 3258 3329 1755 
6392 40 3325 2268 
6393 2586 3290 2615 
6394 2007 3269 3238 
6395 3238 3269 246 
6396 2030 3377 3195 
6397 2336 3253 3248 
6398 2215 3393 2015 
6399 228 3351 3099 
6400 541 3299 1967 
6401 2059 3370 3090 
6402 1442 3311 3280 
6403 1719 3272 3156 
6404 2723 3387 2794 
6405 2436 3292 1210 
6406 219 3378 3079 
6407 2536 3375 3245 
6408 3245 3375 224 
6409 2148 3350 253 
6410 2704 3365 3282 
6411 254 3293 90 
6412 1371 3294 1727 
6413 68 3358 3217 
6414 2634 3295 2633 
6415 3017 3321 2965 
6416 2005 3255 3254 
6417 2590 3296 2589 
6418 1950 3361 2551 
6419 1948 3297 1768 
6420 208 3298 207 
6421 41 3325 40 
6422 2798 3308 2267 
6423 3010 3389 276 
6424 256 3302 188 
6425 3343 3388 251 
6426 2835 3301 1888 
6427 3145 3389 3010 
6428 56 3305 55 
6429 2680 3304 2651 
6430 217 3321 3017 
6431 288 3370 3115 
6432 156 3307 155 
6433 2665 3306 1949 
6434 1990 3303 2899 
6435 2015 3393 3288 
6436 2132 3309 2133 
6437 2553 3310 1940 
6438 2290 3311 1442 
6439 2009 3312 2008 
6440 230 3287 3260 
6441 36 3313 270 
6442 2436 3362 3292 
6443 2138 3367 1412 
6444 294 3334 3104 
6445 3242 3296 2590 
6446 3198 3343 251 
6447 222 3392 3337 
6448 3080 3341 3188 
6449 215 3339 3295 
6450 2011 3361 1950 
6451 1983 3359 3272 
6452 2693 3314 1841 
6453 2632 3315 1952 
6454 45 3317 44 
6455 3201 3380 1948 
6456 3388 3404 3116 
6457 1714 3319 2670 
6458 3104 3300 241 
6459 3181 3413 253 
6460 226 3329 3102 
6461 222 3337 3176 
6462 1725 3397 3149 
6463 2435 3322 2436 
6464 1996 3320 2583 
6465 165 3321 217 
6466 3120 3401 3373 
6467 1434 3327 2274 
6468 2533 3364 3164 
6469 213 3324 212 
6470 2268 3325 2035 
6471 1980 3357 2132 
6472 1944 3326 2580 
6473 2304 3328 1228 
6474 1434 3330 3327 
6475 3361 3412 2551 
6476 3241 3398 1959 
6477 2950 3323 1754 
6478 2024 3333 2800 
6479 3356 3405 3096 
6480 1364 3330 1434 
6481 1971 3328 1969 
6482 263 3312 3111 
6483 103 3331 102 
6484 1755 3329 2038 
6485 2017 3413 3181 
6486 65 3368 3283 
6487 3246 3346 1014 
6488 177 3390 2693 
6489 235 3336 38 
6490 2123 3346 2122 
6491 3294 3323 1993 
6492 2023 3402 1959 
6493 244 3339 216 
6494 2007 3318 3267 
6495 1744 3337 2672 
6496 3319 3356 2670 
6497 2560 3338 1941 
6498 3249 3387 2723 
6499 2290 3382 3311 
6500 245 3341 202 
6501 3352 3407 1971 
6502 173 3340 172 
6503 2780 3374 1964 
6504 3260 3287 2011 
6505 1939 3342 2661 
6506 2813 3381 2009 
6507 2690 3343 1886 
6508 294 3373 3334 
6509 3326 3414 237 
6510 3120 3373 294 
6511 1979 3357 570 
6512 1948 3380 3297 
6513 29 3345 2 
6514 164 3348 163 
6515 2200 3355 2060 
6516 3296 3400 2014 
6517 2048 3396 2049 
6518 253 3350 132 
6519 3265 3370 288 
6520 2852 3349 1942 
6521 2551 3412 2910 
6522 2019 3352 1970 
6523 1982 3404 3388 
6524 94 3353 93 
6525 148 3354 147 
6526 2942 3351 1945 
6527 3188 3341 245 
6528 3314 3390 220 
6529 251 3388 3116 
6530 2670 3356 1946 
6531 276 3389 3271 
6532 3289 3376 1989 
6533 3335 3377 1988 
6534 69 3358 68 
6535 3164 3364 240 
6536 1344 3411 3220 
6537 3337 3392 2672 
6538 292 3333 3105 
6539 105 3360 104 
6540 2690 3388 3343 
6541 3096 3350 2148 
6542 2712 3372 3276 
6543 161 3366 160 
6544 66 3368 65 
6545 1987 3369 1990 
6546 3373 3401 1951 
6547 3127 3344 239 
6548 2130 3399 3257 
6549 250 3371 167 
6550 3171 3344 2719 
6551 3301 3410 1889 
6552 221 3408 3125 
6553 2537 3375 2536 
6554 1986 3373 1951 
6555 3108 3380 285 
6556 1972 3374 2780 
6557 200 3378 219 
6558 3219 3334 1986 
6559 1223 3382 2290 
6560 1988 3377 2030 
6561 3257 3332 1943 
6562 3303 3391 1998 
6563 178 3390 177 
6564 3228 3387 234 
6565 2613 3379 2012 
6566 3282 3365 264 
6567 169 3383 168 
6568 1999 3384 2655 
6569 2017 3385 1985 
6570 3101 3392 222 
6571 2013 3386 2602 
6572 1982 3388 2690 
6573 3095 3410 297 
6574 2332 3396 1268 
6575 176 3395 252 
6576 2672 3392 2673 
6577 537 3394 1961 
6578 3241 3402 2061 
6579 2374 3407 1190 
6580 219 3384 3252 
6581 1951 3401 3026 
6582 130 3405 223 
6583 3213 3335 1988 
6584 2860 3400 258 
6585 3154 3404 1982 
6586 54 3409 53 
6587 237 3414 80 
6588 3113 3359 266 
6589 31 3416 30 
6590 3334 3373 1986 
6591 256 3412 3361 
6592 2678 3406 2020 
6593 1491 3417 2592 
6594 2805 3413 2017 
6595 240 3364 3100 
6596 264 3365 3124 
6597 285 3380 3201 
6598 2635 3363 3135 
6599 1307 3309 3291 
6600 3267 3318 220 
6601 291 3372 3106 
6602 1959 3402 3241 
6603 3026 3401 269 
6604 224 3375 3137 
6605 2122 3346 3246 
6606 268 3376 3114 
6607 3288 3393 255 
6608 3272 3359 3113 
6609 3137 3375 2537 
6610 3111 3381 283 
6611 3032 3403 1968 
6612 3032 3411 2050 
6613 3128 3391 249 
6614 269 3401 3120 
6615 255 3393 3118 
6616 2046 3389 3145 
6617 3312 3381 3111 
6618 2009 3381 3312 
6619 2794 3387 3228 
6620 3302 3361 2011 
6621 3271 3389 2046 
6622 3116 3404 289 
6623 3295 3339 2633 
6624 3220 3411 3032 
6625 3300 3334 3219 
6626 3119 3412 256 
6627 289 3404 3154 
6628 3252 3384 1999 
6629 3104 3334 3300 
6630 3114 3376 3289 
6631 3090 3370 3265 
6632 234 3387 3249 
6633 3276 3372 291 
6634 577 3398 3241 
6635 3320 3408 221 
6636 258 3400 3296 
6637 3399 3415 1977 
6638 2010 3415 3399 
6639 256 3361 3302 
6640 297 3410 3301 
6641 223 3405 3356 
6642 249 3391 3303 
6643 2693 3390 3314 
6644 1190 3407 3352 
6645 1996 3408 3320 
$EndElements
