time,Fx_left_arc,Fx_left_platen_right,Fy,external_work,fracture_energy,impactor_disp,kinetic_energy,max_d,strain_energy
0,0,0,0,0,0,0,0,0,0
1e-06,2.034024156069,9.3297483516676e-14,-5.4259537602615e-14,0.00011503489369387,0,0.0002467198171342,1.379006807657e-05,0,0.00032866139824622
